Q,SE,uuid
16058.738807112533,0.11770879732038253,20250102161708_468dd524086c4c59ad78893343b60f95
2527.344442029497,0.3495049093954653,20250102161828_6cf5ebcb52a54eb6803892e9be9f2c82
7645.014886632145,0.6410070498007854,20250102161947_05cdd82a587943d98d8e87282a37de3a
7148.495194117044,0.20743958380345673,20250102162113_9b1e2a4865f74dca84ed000cd51bd7e3
4105.803166823891,0.37976934829437814,20250102162237_92123f91f0e54fdead3963c8815fe186
6240.6174535430855,0.49698116637196044,20250102162402_a4f620a68369435c84d638320acb964f
39477.499828810294,0.4224876973771705,20250102162525_a3bd760e3ac7493a83862688f29f1922
11548.938691474168,0.6568059209340119,20250102162641_ef808efe8f314a4b82e598cbbfabd19a
5829.555264558904,0.8390761040623341,20250102162751_53ce752e4c604602ac690dafb9b11ee9
3953.1865923326395,0.41708409633222965,20250102162915_08aa440116c643cdade2c81a28ddcfae
63584.368389504576,0.5753529186448858,20250102163037_fa290e7ac94c469e9c826456e0aa11e2
2853.1792748409976,0.008668350221598065,20250102163156_761df2df448a437b87bfeb1f29475c50
100094.51075054402,0.5725265146811531,20250102163317_d7c90191351c478ab7823f0e46ba1f21
26047.270639869774,0.7688533917524764,20250102163434_619a65c2f60640519fbb6f9fb2beb325
6149.141666336046,0.4955444430088026,20250102163557_4d6f4bcdb4e9483b8e0b5cccd163216d
5100.673552360303,0.900157664472244,20250102163719_903cd51ddfe64a27a75689a4dc18e431
955.5586389775345,0.5767955243505968,20250102163836_c5f1040b93bb4a67bc0b0eaf96f424b3
2750.310637572931,0.2507379164727467,20250102163954_44c055a3dd93484cb92331cfcd6519bd
11163.251419735037,0.5005530964553948,20250102164123_28c063acabe54e64b62ee6997ed5ca62
4236.363240650611,0.5966685783365151,20250102164243_a22518a2615f44d18934e8d686fc2324
13579.007889157554,0.8863875217302477,20250102164404_560717b2c9684349b941c2f7fb1557e9
4694.452210989182,0.44342934878972473,20250102164526_6de905b175aa4bf0b73e84dc1ddfde90
174563.58169184538,0.45948663994619043,20250102164640_bc02fb6b8c4b4bb8a885d4eca6730bdc
28883.925930236666,0.8303719536311092,20250102164758_14dc4abd7c2842a8b60dd177c9f6f2b9
24536.343533531614,0.745566934807175,20250102164910_d1e4fc3caa50467d8f6427593b8d17bf
,,20250102165032_1cca7476e7b34abb91281341e766158c
2697.1829260136537,0.45126067884650556,20250102165205_c198ea92146f46e3bb15ad299fc93f29
17061.152191279474,0.2682527606054014,20250102165333_42765f178ba4408abf4a8a64c81e4ddf
20351.371309733415,0.48639494178743303,20250102165454_f1f980efe5d54f7b8ef0af70a4929334
2348.632417591118,0.6570512204401899,20250102165627_592059cfd8e242b9890ae9631a410564
6231.642367676696,0.42937636883994235,20250102165752_b2e0f67800ae4eba8d82b0825e6280b2
6815.214483412316,0.3710531441869601,20250102165914_c088a4a7fadd4cf6929d84d16b612aa5
8256.106714384974,0.5076011633824924,20250102170047_8c2fb9df447946639f5422559eabd1e0
2858.932815867676,0.22191277890198113,20250102170221_e0513bf8a8cb41a98be71aaacfe4b920
2794.952821512935,0.2585848292434755,20250102170337_4381940e0cdc4b63b516f66764346ee0
5486.885903616184,0.4875389584206159,20250102170450_2c8863be380f4ae7acc6abbee0d73704
7898.459763853082,0.767300616202029,20250102170616_70e8b71a10ef45099e9d3265d61c9d24
27904.10284322563,0.47500341858342854,20250102170736_2554f281e49246f3857943c11e21b950
39909.46143729406,0.8387273142714081,20250102170850_71b8972977944445bf3ce1434f6a87de
14491.451877225845,0.47371145215133537,20250102171007_d7c38c7a78c34b4880996a462c9bd0b7
3804.916234210548,0.7190486350896529,20250102171121_100ff97430ba4ff49e4fcce2af6d8707
41997.64445369719,0.4079520987914298,20250102171237_5d4ffa282a404d56ac26d9305415c197
1473.9659504459107,0.38278009186870887,20250102171352_6670a6d20b804a3dae14d0bac1e14ddb
2293.802788183991,0.24050228878773316,20250102171507_04f3eeddf2b6404880307246a651a497
1461.4213839836707,0.4145256551999913,20250102171634_fc0e148f56a14622bfb64b14c4b8258f
3234.571658892161,0.5731395909608121,20250102171814_3333f9a227b0426a95f756e987540c14
1151.0454202212495,0.45000652867644453,20250102171941_e43748c0b0c2467a9d82e050505afce4
113140.7551843955,0.48245299038600997,20250102172104_8eb7d49d25c742a1bc51b97ccba9adec
12872.100736292157,0.45927123074125187,20250102172214_d117b6b82f564040a5ec6eeba936629f
,,20250102172324_366d7048d73e4b37a36cef608b84e31b
1912.2087760811767,0.24568663565053417,20250102172504_7f349ceedeb84b4fbbc089150c84fa27
5946.463360734474,0.6512509304136942,20250102172621_f89274c237584202bd2cc9db279321ee
11994.258337037447,0.01273435926684674,20250102172733_992c2d4ade8e491a8c402eb52f617d35
5056.277172541321,0.4834443325657578,20250102172908_86d165d4c7e44eabb127e3aee28a895d
53925.832787203915,0.35394361186166634,20250102173035_6a7c01710b474376928519bcf40ae502
7599.897818657486,0.7509586140751975,20250102173159_15b1d370fe7d42d4b5c3da46c0e4579a
1121.4050823968416,0.12249789237952868,20250102173317_4320d0bc06e542e2abbd6b1dcb489189
26370.51468390206,0.8619699770921778,20250102173454_4e1e1dfd30934357b20d666cde337e6c
4290.478599671033,0.410683975022505,20250102173614_6119b10fe67a42dd9fa1579bd22fbbfc
8720.245810917973,0.964017417665281,20250102173731_6a7e394326924309a32a1aadb64f24a7
3551.142524757845,0.5963902331121581,20250102173850_fc4b27ceaf0f4f869a1c8ea2a7c87c2c
10733.985006920831,0.79937083457932,20250102174011_30e946439c0c4e38854b01765373d17f
1276.4552762781955,0.3564375424987035,20250102174131_50dbc9e76ab7481e97d0876ccd4cf70e
66511.15146917917,0.600973342680553,20250102174310_775411e28f794ad28e378a2a21118e3d
10416.34509085658,0.5679173727577571,20250102174423_4fb1cb67f66f4cf0adc535e584cc019f
6944.447137057623,0.9043891523343188,20250102174545_318a899786f64104bb91068647add1cb
14488.396232831497,0.8271948276060199,20250102174706_6382f6c02c104eec8e4a029adf096697
24554.458072571044,0.8618665181608448,20250102174824_3193440aa50f4a92a68aab328d16428a
10016.212323396732,0.5539470701122924,20250102174940_11355c228c604c29be1031dd7e5bf2ed
15672.51871096174,0.6596968130250276,20250102175052_cf793826a2564e90958b05cd742ebd1b
1559.5596542596022,0.6304624917541848,20250102175212_4b2fe1b7670541d5a90c9f5ab0803705
18664.546186519645,0.810500852606889,20250102175339_3c54af0a855c45159a8e8d80deb698de
7280.40833739121,0.47634643908226293,20250102175456_ecd1fb6deafb414c9b44b686fa701083
8388.306915903077,0.9320118167607012,20250102175621_99c008fdcfc8425b8d7e120d752ae825
18504.710005448633,0.5923516363455725,20250102175734_ce7432a0aded4089bcad3d0829c1af65
8879.273245308512,0.1308105087033129,20250102175856_946118cf01a04e37a5851c0d3e1bfd6b
9373.03697523083,0.5391524312370968,20250102180022_bdd6f036956c463da047f6e9ff7819ab
71507.44719809806,0.5644765301683023,20250102180159_ca8afda5b92243489374e289bd566ed2
4720.945679303533,0.4857417325030502,20250102180317_1e330c6faabb4abba034c466fa8e9b76
23678.378391337374,0.85905805978651,20250102180437_98710daa006445f0a84b99222c33c735
3652.217958128102,0.8237502788558,20250102180601_c619ce93d94d4c1192238b516354d2f6
4962.322321236828,0.9030822492057807,20250102180720_83376e3e400a4b31a644677ab5db962a
2433.8362288435255,0.3508830392324238,20250102180838_b54b4bf98f5040bfb45055a1c2b754c8
3264.6643765750323,0.3871301886408902,20250102180945_0a330d5cbdaf432497430341ed20b223
84023.9097551932,0.5820145495458027,20250102181059_1499e4c9fe9144898510f87666bfe62a
3733.3955973074007,0.4040700177789184,20250102181216_a537b4cdcb31482eacb864aaa20f8f97
5337.0524672530755,0.5058136502878897,20250102181338_71d8446b61354ba59d9052acbabcc8de
1331.247825164275,0.30583367372999415,20250102181504_f0b051c67ddf4397875fa0a1416c3574
,,20250102181613_171dbf76f3d74849ab2d5c65c74c7752
3330.7966115176478,0.8064177030151805,20250102181751_b503643584594420b7feb7e1e2c34f25
10295.724306142954,0.6867946815843459,20250102181910_fc66f0d20eac499ba7033890b3cea7a4
4311.9147305755705,0.33622096040814187,20250102182037_ef735b2e48bc486091ae81866da24e37
12141.144272084739,0.842351273763948,20250102182227_43689a891abd424396f44d9f7158060a
5713.488760254198,0.49970687647601975,20250102182348_41110c1887b846099627838dfdff6ec3
23765.875263973412,0.696473346483861,20250102182512_25bfad64e01c4ef7b97586f2514b8265
4065.6913728076274,0.11229127302071118,20250102182635_3afc3d8fea7e43a3aaabf660b1ea799b
5394.533679494617,0.9307225035949441,20250102182804_110e9913c57e43dd9f130ab3eb34e495
5068.784014719777,0.018119905115588475,20250102182923_d27c54d5f92b4343ba3a9c3b86c1c40b
7437.264005849451,0.8718982184247871,20250102183057_9b5af93449cb46d7a68bd1e6d386a4ef
3871.594983570013,0.30066573044867373,20250102183216_ce99e9786a2f4e57869ef63f6182f136
,,20250102183344_7fd4c5da82b14943bef1bee6869a9dea
52224.51874410682,0.26589889120974597,20250102183526_e19270df9fe34162b32a368ac0246c61
1587.9120121956444,0.1195991496793799,20250102183641_63e0500414dc403e9787b922f22ca375
3696.94775068714,0.7549112128673061,20250102183812_19042b9dadd24023bb951b509debc6bd
5688.868938046095,0.6348908127613004,20250102183938_4690ca8f1916420a949f2d82706eb92e
54138.456623868304,0.5257533176363145,20250102184108_cc040e8a1cb24ea3ba5cdb0d3cff2972
6103.252293480061,0.31479014449546283,20250102184224_76bc9924e5db41ef88a235774be9ab6e
,,20250102184347_e91d4d4644bf4309896280870ef20b8c
1777.2241208466694,0.2907841060427949,20250102184527_df55100679ba4253a14a828e01d0d78c
20216.719241454346,0.4980307267985732,20250102184642_758b05a7205143bdaccfb10aed3558ff
18052.309955501143,0.8857889106328974,20250102184757_ffd9a6c5f3f7419f8d74bbe6d3dadc3a
3975.8814393737493,0.6269779838006926,20250102184918_aac5b137e8f24fb2931c23ead5d746b5
13071.150473360278,0.8550421344319653,20250102185033_cf3ba6dea02f44c0bb1596e239e4e5b5
11676.286568145539,0.5843426201018478,20250102185146_67506ccce9bb4db989d10cdeceec34fe
1883.4859154830347,0.3241371663128366,20250102185312_b662ec70783d4e6887c9800ffc7828b5
73211.56095818005,0.6461839733546814,20250102185423_a9c7f06d403b402d8e388676f0873e86
2230.3155944084524,0.831337368002159,20250102185534_29dce81472944534aaab86601ba3b114
77394.10367339134,0.4639028864155651,20250102185713_f460d1f2189649c5ab8fa628af7124a4
1615.5888175199452,0.22859733424786977,20250102185830_d20c969f7736415687f4bf8c321f3a34
10952.2164530114,0.8578876365184265,20250102185957_9dfdffaca9484de588762afb84851a49
2081.377585217869,0.7261167899223838,20250102190116_3fe625db031348a9bc728a82b3470458
17334.364069893818,0.646253186713953,20250102190259_da68b134fa0b4c0e95f4c5822b6845d2
2692.5626442118987,0.2682694084234595,20250102190426_5fc81eae118340ef9b0fdb9299bfb44b
1524.3907078709058,0.3446454072323313,20250102190553_b3d6c7a4f113496ab2a6549a429d9632
2894.6123550512884,0.4529186991998635,20250102190712_a5e6ece3747c49e1aaf49fb3b845adf1
14233.521183524063,0.5132317343341524,20250102190841_c2da48415ba2497aa8ec3f12aadff12d
2879.1210712960933,0.40429168271008387,20250102190953_4cf31f9e6ff04a27a5d29edc1b89b91d
7205.636916296371,0.4712587448147838,20250102191118_cdeefc33db584830b938b106dc5c5297
2628.0874727134837,0.38317377766828387,20250102191232_0943b63dc5fb4d75abeca6400f08adbb
3093.4866362477655,0.3196654226746626,20250102191347_b9d3edc456bf4beda786f48a2ba2e158
14982.077655841535,0.12298752888671782,20250102191512_46f64989b07441309deb46f6df0098d9
12970.822198078073,0.37616954622154997,20250102191628_9807147c4b9a4a3595b673b11ca23da7
3059.519458682815,0.828981215100277,20250102191746_3bd4e3c729834019b03f0e373e30860d
3720.556496266042,0.29419950033042797,20250102191903_8ac3d72fe5f246868adf323590938595
9365.262239605749,0.5187615763717788,20250102192049_baf0b1e03ecb488f8cd5b5a5c231b0d4
21821.89833925948,0.7562332393059533,20250102192205_cbed75aba9004d64a6d5470f1ee6ed27
3794.222589514708,0.42679060296049354,20250102192332_050bc077a5c74786b3e1d3bbac7b1ef0
4751.95572715574,0.5229041807258332,20250102192447_10be3e498e194d93a610c76862fdb17a
27754.985425903433,0.671171165373598,20250102192602_635c6966d1474942aa498886e6cb4381
37562.72065119121,0.7007922564793464,20250102192721_854497e5815c4ac78ef5f6e42b4a980e
4733.825749843792,0.6842469680168213,20250102192841_88751ec8f0d14717beebe8e59a30de81
,,20250102193012_4e4dae2a86fc40ec8f5a0abef2c9020e
7098.963352480375,0.571320071420538,20250102193159_739c3f67252947f5a5139ef10a5f9059
4632.75266657847,0.4256644239019607,20250102193329_95765516d7bb472f8ca6848583ab6de6
2098.6159889627093,0.5650672358675158,20250102193455_2ddbaa226a1041b4972ceee976b62d28
2310.343964208758,0.5739667684769818,20250102193609_bd9cbf3531994f9b8eb41dcae400e39a
7090.910596854024,0.7225555806979755,20250102193735_befc9f0a758440e3ab51296eac822dd1
76353.85235349106,0.5159041602332608,20250102193906_3fa0670e27d74516a2826d0989f8ffaa
10747.524270726124,0.46670203198885585,20250102194020_0414d3c45df7419eba3f19af0fa65933
1869.075671238679,0.24685854605710555,20250102194151_51ecf698638a4501b2a525cb00de0758
7745.4714307871545,0.5360456284711217,20250102194316_4ffde1c65334409ba482101c0cdf8649
24835.88317412905,0.5507379907131023,20250102194436_1a77681502f848b49cd6ff9ec57b52ee
5584.106613069367,0.38517305283901493,20250102194554_b5c9858a8c55462eb892afaac7e8a01b
10443.918346394745,0.44190632627498105,20250102194714_2da4c2a0a52d4d00b47bd533cde946c0
9129.233490381846,0.848444360475732,20250102194852_79282a07a4184bafb8aa311956d70ae2
8009.72953960441,0.7245271241011768,20250102195009_3b07c01cc700480ba4835a327f20195c
1500.9313182000376,0.4790809066606674,20250102195128_bac59a5319db4a919c3dca86b3869ca9
13897.621730846948,0.7426421726993729,20250102195245_adfc2f2f70cf470e81e1680060079a72
3277.503259839587,0.2582136235428303,20250102195355_2f6c7e8d45a64e839aa4b2953fa51da5
49327.047918953016,0.7597190014799603,20250102195533_17b65eba58b04643b89c4bb9f18771da
1322.2554686833544,0.05522741286287691,20250102195650_b7507799f694426cac04d738ae4e8469
5090.476651118916,0.873113455182656,20250102195811_66f9930c9e2f4a5e888c34b4587591a3
2788.5887016793918,0.35464069534373044,20250102195931_5c1d5cbb57d6459297e6ed2f334587fc
2243.5698678517874,0.3616438228854838,20250102200105_444841215bf14a378c13edf8f04a42a2
12871.988876226973,0.80252805142471,20250102200223_24df416513c44d4a9d4d2dfa391bea6c
,,20250102200337_e0c4da85681d4c3ab274120d0ad8f170
11367.631382379052,0.4609203554660909,20250102200518_f71faab91f31475fae7fd237bec55991
3815.6576372589943,0.48857827359324346,20250102200634_3d34d4c8b7c34978bdd42c129f1ab3e2
8377.554874207972,0.501391909074191,20250102200813_575cd102f467478f8e6e7acb296a1212
5640.988390196184,0.6607877359535146,20250102200939_a14c8ab45b7240e081a779d838d8aa56
22347.260124972676,0.05162841669316076,20250102201103_871ccf3d0b7244849bbf9606cb4dd2ac
6137.570959549375,0.4991450258827689,20250102201216_67e66162cfa946ddb20c4f45b0324c70
5938.510883141662,0.08998609925108958,20250102201346_61af6c847fb34b1c9895e74e0a4118cf
67204.20418443705,0.6146698558113339,20250102201523_29e6562c96ab417eb43c6067292989fc
3065.771192999185,0.4428820537708983,20250102201637_14a85938350340ab820bc58d8e68397e
52054.35612586309,0.6793522990588521,20250102201816_a3bf370cd38f4074b3f321a46bf4d521
148472.96015156162,0.40297011855549214,20250102201931_a3f4ae3e12bc43e5b90343fab0744730
9454.646247079614,0.1565228484527651,20250102202055_65aecf770f0244ec93fd8e0e72a1ddef
4999.378136584018,0.8381375380572835,20250102202217_a280fb60fded48b4b82fb6044cae4e1c
,,20250102202343_356de2bde980442b9daf1ae45d5b1fe6
134605.04189482128,0.3944650140045842,20250102202523_2d00cfcdba214f88af82b6b2262752ab
4217.848933296677,0.5366131080709982,20250102202636_b8d2aac43f7d4b738a28b4c6c140bc2b
10463.175693428424,0.5922490854996965,20250102202802_9053a0b617994b3dbfe334ffdb8adf79
,,20250102202927_276f7de71dec4a6fbb4192022d6db778
32385.29108425785,0.4568554916892008,20250102203050_8411af66fb6846069b15ccf05699bb05
,,20250102203205_20a38775852b4d4d8b513368aeab2086
11686.237463833126,0.4794503034542468,20250102203346_44630104c89b4847a7d51e02bf9d60d9
3212.8311214853798,0.7402677428620957,20250102203458_b1b545237d0f4c77807abc91c8398b8d
4269.46318296954,0.42166214368892874,20250102203623_5671e895de44410787a48a7ba5047462
6174.207526467868,0.36745853842566045,20250102203737_b7d4b7d269364d3cac17297ba3651579
7292.73343789004,0.6287370967593735,20250102203906_bf3bfb90e98a414f83f06c7af89bb432
2653.2742996908173,0.41238970519701934,20250102204023_cfc7cae0c90e4e1b9564421d9d14f46a
9257.107274942093,0.6005389163769004,20250102204142_506949149940406b968d09bd650638ef
2074.099830324444,0.3861657630295524,20250102204304_30c442082a78437e86f5a820d4691eb8
4130.29187683435,0.42655221834014545,20250102204413_bd8a582f57b846c8a5445a9ff5d47d27
12405.794742460723,0.46170734345903774,20250102204532_d33326ebed624686b89061531fca19f5
8914.72006950533,0.6938846267119452,20250102204650_c12c2c5354284477b668cb2438ac9059
98101.88506012413,0.3266816774702046,20250102204808_85f8c2539edb4d80930bd2b40ef1b563
6698.796961561062,0.3409215008586155,20250102204919_2d72889f53f74fa48159181708d73ca4
15142.562777701773,0.8092618127234985,20250102205039_488a015b72ff44a2ae93dd6d907d04e2
2720.889109626233,0.39545400063250136,20250102205201_afb1a8d2aaae402ebbef73563695bd63
29587.908494728505,0.8256981863693007,20250102205317_38cc04d67c91432dbec21788c4f099b4
5380.001509183572,0.8521982165303466,20250102205438_6bb615f9d7fe4d92a043ae5d55afee2f
24268.40958535996,0.4071753413708862,20250102205602_b2635ce6c0884298af1d8c8f934eb933
119433.37186410652,0.3736676477139609,20250102205718_1199f937bbf4434296c57085e641a337
2826.027964929004,0.35570438770803026,20250102205830_d5a5467fd95d479cb606322ef54ff6c8
6613.101073124649,0.3994140833212666,20250102210012_e0db13fe1f724acdbb29f9bb45809054
11815.422310455117,0.9398360889011423,20250102210133_6536e729eae44dd399c76ca93bcfe591
3096.5430387038878,0.6275033651001976,20250102210255_db09cb863b87402fb70e059a725284db
10545.515200401578,0.7425115571000416,20250102210431_35833dbe74ef46a6841f5b402dbcacf9
1208.5215798882116,0.3727175111029578,20250102210556_e1cc07b66c014f029977be2cfde31d79
25840.54550958703,0.7034046962118441,20250102210705_039ad372a0b3444bbf2ec69927a1ee86
3170.3081056333926,0.2454629209878879,20250102210834_183e7cca87e448b2adc6534afcf1c047
1697.241196383149,0.21874435208143472,20250102210955_721a48b7a5d44e619b911ec1dd18ce7f
,,20250102211121_8d560f6482764e229cb4fa708cccb9c5
10428.621416621703,0.8365273139653633,20250102211255_0e64e1b80f014b219629e80dd056dd4b
5510.313604302301,0.5727244067376386,20250102211419_d3728cb1796f421d891a562e0b78b406
93760.63296250685,0.43223185977639855,20250102211542_e95d8585f7624e8fbf01be167f64a37e
,,20250102211656_972a7bc7177f4dac904ade559c014c84
4761.134816336335,0.32840111776149894,20250102211838_8fb5d4f873744216b21096c442754478
2893.044429654714,0.38087224346633874,20250102212005_6961fb59ea4a4babbddb8d7eb8b98f79
11696.474489916225,0.7262112107246546,20250102212127_715e32e47a514a6ca9b1cd0e91fbb68a
11469.449177869448,0.33266691465040377,20250102212243_e8dff96ce805437190594869a1f31180
8229.705062299543,0.07012792045546734,20250102212401_fbd76b3d681a4351bc4aec40a46528c4
5195.196265033871,0.9690294055169901,20250102212520_773973ce9712424f970a7444e8bece45
,,20250102212638_5bf5e98f326c4317b4b9c4a4580d7403
6986.229874863591,0.5466524826015549,20250102212814_7222a5399fbd4c74a1f2208e83926624
2548.784813897762,0.68829501609384,20250102212940_8cc8dad9b4b043f4ac32640efa02c47b
4525.69011686653,0.5936880297994587,20250102213058_a3199ea2c5184fb19af79fb22b4e1b4c
5452.221516883605,0.024794529762012463,20250102213222_f36a4bc447874e5383844c0b2764f05d
1817.4288525392312,0.36103641257219343,20250102213348_a9f706e755a8498c86d4664d84654829
,,20250102213508_a85172d6b51d490ab705a0d4340bd714
9039.98070431786,0.08728800554990956,20250102213643_6eed3ede4db34b07bfcc47eccdbacd81
1631.0646342573546,0.6622128941283207,20250102213820_723248121f2e48b09f1125a9a7bc638b
3988.677450377143,0.3519560119418579,20250102213950_ff9b78dbcd0e411a82932ab550fcde4b
12686.724212016006,0.46713490117970613,20250102214129_c848b5094e6b4966947417601ba11f2b
13780.281257008755,0.8217079194728096,20250102214307_4ca47845524f42a2956caf915b1bedcb
2499.748337799812,0.5236935773276559,20250102214424_f265735c7c7a486ebfc6967d51693c0a
10203.308125611205,0.8749254522613722,20250102214548_7e136705201f4c01b16481dbfa82a31a
1474.3662247277068,0.5873853235847972,20250102214711_785bdffa3d024ebfae30ebda6bbb6652
3362.166293054374,0.4339917900572665,20250102214847_a17aa971e07a4a99a766c9f4236a80b4
8439.83903631527,0.19401018556350536,20250102215003_70501bf8709442b69f48891d244d7f52
4188.781539052334,0.36105913634481,20250102215128_30d3d9ca23e244188a415802455f9f6f
44378.998184093616,0.49426339906717853,20250102215306_834c7ed07ceb4230b2c3e6f606791df1
3630.933254460368,0.4022781105421539,20250102215428_c82a4a8780114745844eddca4ecb33c7
,,20250102215547_345aa04d12de48ab87e46839155a950f
3876.7237840616867,0.866822943748107,20250102215727_d42106cde9bc45088f24800aacf3edab
9389.1021267457,0.8065730916574473,20250102215848_9e9f8e5fb9e34b6eb39c06a181f779f9
26383.008154265786,0.8473127904919722,20250102220011_b1abe044451344dead403c5245da34ce
3258.6991026918577,0.47714472266208774,20250102220134_ecb91181e1de460286ab25f4bf873960
8095.071139503047,0.8492000086627576,20250102220251_1ee60ec885d34fd399a04d6b89a4ed49
12851.835207912081,0.8173349187085454,20250102220419_f780c275752342ba995ee4f8ca18c66a
2607.7259369923495,0.3778696694552338,20250102220537_d0e53e50cd354aaba31d1dc6a7fcc77e
4098.738271123741,0.5591432853409801,20250102220651_e8b4f379651846fb94b1ee6b86c02526
3658.096929047578,0.20447058820695652,20250102220812_76b211fdcbf840e5b2e1cdb9b30dc63e
10104.304533611774,0.7330060824438511,20250102220940_c7d3b20508a047ff8e6b5bcb1c813fd2
19975.076201043892,0.7340455092603181,20250102221058_dc652c3b47714decbb233b3df58357bf
32164.341801708382,0.8342029263982766,20250102221223_70dca1943dd04bdb80756d1b117a16bd
1239.3936832544855,0.4749348366132695,20250102221345_9f8fd41585e742c3bfc27abd2c4553db
1941.2154485092526,0.6983959404072684,20250102221509_a6e148bd47104f988b4918530d7bd3cc
4366.454810132931,0.7280506034281042,20250102221631_80b1267888fd44eebb0a8f4dcfb45cfd
73047.15636221638,0.49498479833685094,20250102221749_d264bf7c6fe04aa78f20240f88d76e7a
4419.488568074989,0.3005659654341992,20250102221901_312bf7a78f264976b7950229646cdab4
2915.386725016418,0.5139476305873713,20250102222026_0dc671817e1c4b7faac50608dd21f969
3083.9918787718843,0.35409644602769286,20250102222156_ea5d0bbd481c47a3804cc67820121c4e
4724.874067989323,0.4799776337977817,20250102222330_8f53ec6a36024d42ad4d79582038a499
,,20250102222444_18fc3ab6cba14d6982eb071a6c41f9f4
1085.114905215758,0.4597892505964718,20250102222616_7756b0c96fd44213a3fc53323a63877d
6888.520491715916,0.4167108001246149,20250102222731_ff50cafc81074ae4a997e449cdab05f7
4894.375481778623,0.4790593868176348,20250102222856_9503bf24f88e4f1db0a3883c26173ca2
1622.3565377393184,0.2266174655339026,20250102223023_f0a6fa9873774afba7b68ec985dd5712
2777.02984779343,0.40682629331388553,20250102223153_d764c173cea649a2971a337709a3b203
8273.234671076258,0.6720928418363017,20250102223315_e29cccfbc7624536842ffb2bb9579ffc
3118.563179219491,0.06498582804493025,20250102223426_0463393b626141a2a3ba2fd9a491571f
30185.201924699584,0.8499777249548695,20250102223540_2a65f87f2aa849cc95338c69d73a88ea
5966.030596953357,0.8081703205090075,20250102223655_002b636927514aa5a97385bf426781fb
6469.306443319641,0.8656096671901471,20250102223820_2a584927e05048f39612a3a1763a8f27
70125.06842750768,0.43442252956381955,20250102223940_80e5b94e90964ca78c4af1f6bbcb7081
2379.7767645578083,0.4761750258932227,20250102224053_439b31dbc6334d09aaa5a72f32bd3eec
8288.183162165633,0.8309195501961085,20250102224208_53d14b42f7544ea8ac4f7f85cc4a20d2
7636.677891038084,0.7995060879566248,20250102224333_c954c0b2154c4953a7f1d620d8072243
8949.062370765521,0.5826621270485249,20250102224506_dd166224c1ab4e0fa86463f058cb6ffb
4247.941236662964,0.8887177865366228,20250102224615_73a3333e1b694bb7b97f5ecc658725a9
18679.67094206708,0.4907193441853075,20250102224740_aa4fc5a2396c40afb0d98e1fb2d06270
1316.9629473809096,0.3214020916713646,20250102224901_6f65dab459164e099835715541edf667
2641.100414920877,0.445689049301753,20250102225013_6aa9876eb9574fd9b3d7446035d1b498
5882.322478732283,0.605887037707658,20250102225140_387bbca696d94e2bb0f0ad71212a7c6e
10620.723776913068,0.44628486386147304,20250102225304_eae2dc2ee14a44fe91034c2b99ac1db5
2092.648773406062,0.12422311941905873,20250102225431_8a44b743b965433393577c153c5720ab
4603.892624468254,0.3510986422336363,20250102225600_66b67a5fcf0a4e188e75265859f569a6
,,20250102225721_6d830127a5db4616a86947cef36a27d8
9662.61275479181,0.018945339812527773,20250102225905_f9d203f31eb64eb8a81d88b42bb929de
8377.022779455263,0.8037399737178044,20250102230031_f556989c01ac4e198de3797a66ecad4a
4525.237193671196,0.2848744357396934,20250102230152_111914c4616343679ff1292229d7ae96
45651.33968838984,0.8068115716909615,20250102230319_bf2924d11d164f46b5619362314272fc
11573.832344931516,0.6190721290833043,20250102230431_4926f07efe6d427da258f4351f840817
4539.32666356534,0.10482570348372555,20250102230548_b8a7cc91fbaa48c7b106bcba44c09a00
4176.768593004951,0.39821544595901126,20250102230718_23960f149c3542ad9dff519c5da90673
5452.340948040552,0.8637730145904255,20250102230859_c94d7da10a6f4a0cb450d70d958b7eb1
4116.198802262752,0.42775261576028933,20250102231021_bb167b7220a24e488b0151a148e83c45
17385.629928853385,0.8078093638849764,20250102231140_97a51337085c4f0f8fe0518f89c7fa27
,,20250102231256_ebcddc7f10e74f4ab8ef406407be4a23
9946.691957094437,0.4635484608653916,20250102231428_306a818877774766b5999c05cd1cbe43
17536.911060127335,0.6854848475726486,20250102231541_dabd0e01037045ea9c433de183a96590
1991.2614401910314,0.2416889989101968,20250102231701_4c3bb1504895448382a3a6deb3713e8f
2130.351059748844,0.7448207055933853,20250102231830_170f550e217c4b8094633043faf0ecac
26481.419522632783,0.8841246554555364,20250102231956_0053d6252a734f76ac03cd51b2c2bff4
3080.8364683939676,0.49827993114113156,20250102232115_bc7013ce921648faa21f1bddf639e68e
1742.0230287114484,0.11827417492746517,20250102232250_add062fe24704aeabb86120b1e67c380
51071.20030985468,0.3551585506100209,20250102232413_98c003067cc943a39ead886e5f89d857
1932.6092486001523,0.44761798124257735,20250102232536_c09763c55742400590685ae709606f29
1606.5152044833803,0.33383300770142554,20250102232657_4e9e22a82d544f7995e48b6000f6d24a
7518.003371884171,0.3553807046842332,20250102232818_6ee93d5314944d79890626e20e301f53
1291.1728877459225,0.4483076328929776,20250102232943_e69bf1567a304056bc278499cc7ca4f7
2259.4610765192256,0.6718686577946804,20250102233057_895220f019f142d69f34d065e77de46b
7665.084119015001,0.4749265572535353,20250102233210_0a3e2c596d7845faa0edfc0f42e80d10
6894.405203391357,0.4095416885124128,20250102233320_3148b07313a4406db07f4816c45eaf7d
7599.015153233842,0.6447890020899121,20250102233439_673fa0e248614f2280f7d3ff9ae0a0ee
8506.121660623083,0.3764586972094288,20250102233600_49359c3ba95849a78262bbe6da2e19d7
1301.0676475511962,0.7705883750349974,20250102233716_7ca80a0c45c14c85ab8372519e241708
10185.174623379597,0.5576887277646172,20250102233838_b93f590559ea4b1481b30085f81a4551
,,20250102234012_a8a42d2996504b81a1d9423e6116c823
5702.623571475923,0.8364963196773132,20250102234147_fbd6ed9dae394392a525457bd00813b8
1062.591675500574,0.2830712132660327,20250102234307_0cd95167774445738cc8ea4c216daec3
10120.040117438055,0.6443610822653225,20250102234437_3675e65b74864eebb35d088cdcfbabac
21170.992160140857,0.4662997520444595,20250102234557_235b48f29c0b4246904731fd3082ad20
,,20250102234717_49bb6425ba78465e8d150b0628a9e1a2
80474.470180447,0.6832181504603092,20250102234903_4e4b859b96814c0cb680dfcac3aa10d8
17366.645459812753,0.4348632176697407,20250102235020_0969072707db414399a6c968e6927e5b
6916.842920735844,0.19192346653553927,20250102235137_ccd385e332ea4f688338dee8076559ce
7180.2804319793695,0.451517855545294,20250102235301_ad525fc5c2d84bca884d7d993c99b234
7573.180664148675,0.6742056466092224,20250102235419_e5c3c5ec813e4b76ac530076fa2a620c
2923.3774768041685,0.42137491001707084,20250102235543_d45f8cba47764894a11b0f91edf19f28
6227.370558855093,0.7433694195560729,20250102235734_bb78ac76264c4e46a111474fbcddb30e
82663.82120863763,0.3955687129473854,20250102235848_37b0e7ec5fba441dbc3644f40bb5dbf8
1232.1763509952123,0.3852986925054904,20250102235957_efebd40370494193af20271702eef19b
4828.124059674688,0.7629405450822916,20250103000117_0dd82937d2524dda895fb65ebf6f8313
4245.724652021416,0.4170516502056817,20250103000231_0f685a392fb54b418c3d1e2efb8b07c2
4104.269162397203,0.43731889917152544,20250103000354_a1a3efd173e249ec8c08787aed1d06a7
4935.225444421105,0.47422461215375367,20250103000510_ac7969cd1417439bbe0f713e01d20bce
1498.2064926844726,0.4012037458836353,20250103000646_4bbe6caa16f44da5840e57a53ce92377
6573.879349946925,0.5138979197575968,20250103000814_614e327cddeb4e0eb94886d0d8a4794d
24734.04312150989,0.7230071982577038,20250103000932_96069b8356544ff2b7e2833081ffb274
111932.36278156508,0.6381017284467048,20250103001103_f977170d79ee4570bd785e9665c5b23d
18515.118285022465,0.4585941076013593,20250103001217_48b27742c9e947f3a73e85a78e2f623c
4248.467876247126,0.6059058886512461,20250103001335_7ae935bea4a14bdf95d6eef425e21c6e
18191.363236168563,0.6787264006423683,20250103001455_3bdd89e4606c4726825cfcdb33d678b6
28434.58853118649,0.7651595065376383,20250103001610_eda76e046a584541959b7e4fb6cac718
30558.72671392873,0.5612301391525132,20250103001736_2f2f19ed786e4e69b362b53a674bc5cf
1232.4891224856292,0.16962409609193452,20250103001846_605b25e44a6d4ea1bb951b0117301f90
18868.690669769938,0.40955926555847055,20250103002004_ad3f413f37c1450484a7f0e7311eab59
2091.231698774497,0.40800131595959244,20250103002121_2eab5739edc6441a8ba3f3115ff4b6e6
1667.2162076848797,0.010971243874956516,20250103002247_60b8b31466524f8483466ab74ab904cc
13498.972942380322,0.8240578570963462,20250103002405_de7317961ce6444199a1c6c344239d0d
2265.538560748499,0.30788045063878,20250103002531_bcc033af3640489e851216481fe731e1
5593.724063730198,0.4625276755837521,20250103002650_7df92d9aaf0346bebc8c613001b9f77a
8186.162957698131,0.6508958967476565,20250103002814_075b944ab8ab445287e4980fbfb07201
4015.1686856171505,0.19748688760713695,20250103002941_9234a375313c422bbc412b52006de378
4728.509925133248,0.7121685404003513,20250103003121_68fbb65c31ac45e7930d345b101d9168
5227.335384578798,0.4274511414452269,20250103003249_281970f82bc64e78be52e5481ed9858c
7502.136075987502,0.27775496381691533,20250103003414_8ff65115009b4032ab6a4f72fe79132c
12988.50490794716,0.4844630961022356,20250103003537_0a2f8b1236454306a1e53ed4ab75811b
,,20250103003653_9d823d13944a47798ab43e6e15600140
21888.889568841587,0.5921930227578359,20250103003824_ce71f04379d84c7a92eb7ca84512e060
1489.4667034031986,0.55440096219931,20250103003943_de2fbb4dac054707bcb593cef7d602a2
7046.229401107938,0.30799454776764623,20250103004108_af1f1ea0ec6746a0b01e3cfe5cf84c76
1200.413779512048,0.16286698403793232,20250103004240_4eb99ae7a518419eb47d9066bf586871
13986.936107283022,0.34582469919554293,20250103004417_08feb9cd78ed44eda91e95baaf2a92ae
65468.42820929895,0.48253507080652525,20250103004540_4e6c8f45e7ca42f5af9ab6982dd2fd50
83258.25373332259,0.4056814997103604,20250103004701_b91fa673e11b4c19a708e173a5abb6a7
8656.614893819977,0.1483141797600913,20250103004814_b50d25bfc53e4ab8ac272ddcaaa9829a
8780.642501739856,0.5186403666899311,20250103004948_aba94d64c5a9445eb83ee6a5f0cef219
591.8982346165,1.0316954243856131,20250103005111_2b9599412a38421aa40824391e67410d
10998.322273187692,0.5584128910799999,20250103005237_230a164def0b4851818a0b4f7069e7f5
1109.6586080342308,0.19843689186150448,20250103005358_b7923a9f15674b8bb184339869523812
8253.368693267232,0.2623769532243211,20250103005519_bc151e2371fd42fe993e58204a010fbc
2734.404152081156,0.4145819421197571,20250103005700_9567cb60fe7a4ff58f714e30fef4778f
,,20250103005814_4ecfc637795f425480ef663390e2328a
31635.728577893748,0.7336652275547506,20250103005958_d9498c487b964d29a631378351e91c27
,,20250103010123_a5fc8a987b4e412bb4dab75f8ab026fd
2091.157951962433,0.9311777840747777,20250103010252_81ee121ef83043cbb7db5106b08639e4
1285.2923455947118,0.36781411426296395,20250103010415_ef487cd357184031a83a64c7a3c53300
3378.769027701059,0.32349079961077654,20250103010538_4f00a8a62348477db4b7ffc1ed928a0c
,,20250103010706_67f6ee73fd0f47299fb251f65cade8ec
3580.8263168942776,0.5187184962405853,20250103010846_05937205d5e04a2abe21bd9da09394bd
15420.393724153051,0.4734474128381453,20250103011016_bd8af4439191488e93de656a57a11e07
1452.589662112124,0.2936953392212128,20250103011139_d9f1f0840f0b4fa4befcbe43bdbbcaf0
,,20250103011302_6cbde0968f8c483b9fdb8d1113de43dd
28358.311721098555,0.5473070426392979,20250103011437_7ddf1b8f30ca47029181acaea438b1c3
115181.65603393118,0.6932130917496564,20250103011556_42868b76699f49fe8af489057172fa8c
2561.7343576201715,0.51442202081127,20250103011710_691df0639d3f435b93c2906b60a2c200
87036.55857513583,0.7561468660222714,20250103011837_3f3eb7bc631d40a497dda34118fec184
4986.652696463722,0.620687805642793,20250103011953_034299ddf48846a7b7dd627ddce9b648
28917.643844858598,0.8249979059282289,20250103012114_feb3429c173c49b592acb5028202d571
9317.73724590048,0.8348524211252543,20250103012239_55f1ee53a6634732a7869067361067fa
5692.599165357884,0.6998314878026127,20250103012400_3d0704a062054f4b8afd6a5cb415b6c0
2372.4741045426517,0.0750203194888105,20250103012520_c4e9dcc4a012425cac6719838398e972
,,20250103012644_29e7636b12444932b8b3510bd79bb63e
2790.1581252996725,0.09739169243381773,20250103012813_02398ed53d17493981760a312b8f604a
25123.991474119175,0.7440209434517967,20250103012942_197eb46bca544ed9834bf0eca5962a80
3962.407215369554,0.43600148077993894,20250103013104_19b0368f0d5444718b2eba0df597b0e7
2532.628619102863,0.30915929692096844,20250103013218_d3cc24f60c9244d0806719e02dd9cd43
3233.165074352861,0.3659335453271072,20250103013339_a89eacf30f354d5497073f1ce758ae6e
17146.60390571329,0.6716158102365671,20250103013508_dcb227a523b24691bcc882cfbfb7d32b
4175.621982264016,0.25079461750912946,20250103013628_8c0e5f988aba46f4897ababc70cd89f5
97986.53874645552,0.6639929228147126,20250103013812_323f0ee39f9d423f880947a5acf75b46
11935.384319801835,0.38307633693674314,20250103013919_e669dce8e62644829f262975a302fbbc
1913.4197555691203,0.1716026231322697,20250103014101_53261b2b49a34e5f8a51ace6a5398804
12508.99598463492,0.8448186944905758,20250103014242_c7fcfc767257497b888116e47ae6ae56
1801.2466245773726,0.04895187627408226,20250103014404_4e7af74a6506478ca037585f53136f33
1868.6609644380194,0.39176979148188085,20250103014531_6b72504fa5e64f4e961f3e30201324f4
3866.726331933044,0.46228692917075365,20250103014705_27a2bbdee88d431798d935bd0b335ab7
9313.421601079906,0.8014427096946246,20250103014830_2d8dfc436b2142e4a53de2aa206e9df7
9984.731761917828,0.36261515185576987,20250103014954_97b8aabfe5a046c1bf649c6cc889663e
4885.49220672295,0.3357365053148553,20250103015113_7dcd6bf7cca048918a38cf3bd8fca9d9
9755.778741441562,0.9626683151182674,20250103015238_2898590dcd9c4378b221abce62e9a2c3
1360.184014646008,0.4088613771916516,20250103015359_5b65758735434d899c3db9969b62e231
4827.132152145142,0.3991575365927822,20250103015522_dc9ffef14b554eb48e64fa82a50e5387
3986.968592513471,0.2685182219843548,20250103015649_f1a35d5b26c14cf1ad990b6c002e9e2a
83096.944837604,0.2943298060150764,20250103015812_1df540c16b624c25b64c0f7208c06b0a
4684.78115062253,0.7166454958761554,20250103015934_257664dac6f64e39908a9b10cb0a949a
,,20250103020059_2a4356282ad140e7b7fa76028a8010cc
24766.3411989061,0.5293884604613195,20250103020227_cbcb73efeb464efca83c27b955f8ebf8
,,20250103020342_fb6f6cfa2e5e445b9967a7a016d6fb5d
1812.2696575488749,0.29693795644530496,20250103020504_161aa53f2624428b8287a7aa9a89dfd1
1412.9228279725992,0.6130656213220659,20250103020629_cec9ac033ef5485ea686687103902944
40079.58783504643,0.6147109286186241,20250103020740_32e21052235e41e2bc8f7ba95e67f490
9016.065761125536,0.2252538899910309,20250103020858_d3210cfa8dc844e3a2c6b1fdaa55a2ed
2579.8060487664025,0.6317720582938279,20250103021016_b602f81f70a7465ead8a59d1449be297
2493.289743341156,0.785646527592259,20250103021129_91a059b23e1742168f0e30275cb4279f
4084.523439759036,0.45302016283828905,20250103021241_72504b94f4414118a7863dbca6cf6cc0
31402.574380940918,0.711474008337016,20250103021355_8161483814bc4cce8337c4e747e7a562
5855.820896088264,0.5093252741730148,20250103021502_d76deaade0e84d9190494dd8334c69e7
2712.7208972316016,0.5156335730758951,20250103021629_55c0a7d0d9704adbb59779071092df3e
,,20250103021759_4f5f13b567e542528b7ee3665cb52471
2520.9880690004547,0.27643378140109864,20250103021913_0f4a5e7586934f6696ed8677240bf681
15531.60024175854,0.4254231284519451,20250103022030_97ecaed59d9f41a495e923c7297000a1
27219.967347276994,0.2638133861549743,20250103022148_bd823b057a534532a6098639216f2126
136516.64691214214,0.4179385817872552,20250103022311_ed4653d7235a4389b1083f53bd640fed
9833.366259747758,0.6051054526398993,20250103022433_cb22e12f04714519900f25221b7e4346
39899.57714544513,0.6415726352196254,20250103022558_9b35f0ae91284e3ea0decf0f8a9acf34
,,20250103022716_8261982464c84d178c8ee60bf66abebb
8561.528222502633,0.47708452695038084,20250103022859_d9222b5f16bd4d3c88f1f6387764f26a
11898.00237801693,0.7012589086959482,20250103023016_2cc914a843fd47c4b31442b33ca411ce
4297.09490143262,0.26589091062296943,20250103023141_fe776e95f9c448ca9fdefe8381c22515
,,20250103023253_ae4d904f950244bab79207994e57c8b0
9919.070572274059,0.28180552615573895,20250103023438_b2ac9c0b05eb4071978ff5a2a35d5593
2580.5137597556077,0.5890065974298859,20250103023603_fe7b905ecf2b4e18ad74ac683a87f1f9
,,20250103023719_297dabba4f284f819683170abdd0be2e
4502.870170396399,0.5213391486063655,20250103023856_c373b449025d4bed9c594d926969159f
,,20250103024006_415bb322f1a741b68f788356b731984a
1398.7130002666677,0.7105754074377005,20250103024143_fd9b17066c6f48cd83c37e0de293171c
,,20250103024306_4ee0c92762e044dfb75883d564954a8e
112839.164391422,0.13342264904277157,20250103024442_f8ba410a028b407aa33f91a8b85e56b2
1779.7401416920866,0.0916252357084546,20250103024553_64cb42cd85264d12bc19d2ce5d963aca
7643.40565390647,0.6515942643135393,20250103024715_abb223a929e64b28b5144ce47bbcb867
3717.1700184257597,0.7315405932551715,20250103024840_01c2f4bcc5584d008865fba688b7ecbe
61114.629574548926,0.4562034031652793,20250103024955_5e383b2821f34f209b6022120cb436b1
19327.198905586316,0.4531412595867603,20250103025107_66641a32bac44dea8c51a8c3f511777f
2247.51533247233,0.46924511389987156,20250103025220_5ac73ba7bf354ed89b86601757b613b0
29791.34706327502,0.20298471209390934,20250103025348_a5dada667ea74ad692304e9b8acf3040
1446.5992129463305,0.4169147357345524,20250103025505_6e10c8998298437293f53e446a24a77b
2326.259232872021,0.58084084691433,20250103025622_593e9c80483046cb912d7db56402abd8
3674.16601249777,0.6143001996581747,20250103025745_6cccd71515c649cca1283db6ab3ec140
4894.533922860574,0.5708759313186114,20250103025911_257f7c35c3e74ec5a32a9959651705fb
209815.17974409275,0.3519960481652925,20250103030041_fcbf6f657d364cddae0b283601463c9b
2332.0028535930464,0.20273505277808912,20250103030153_390b93424ab843a499be8f3399da0fa0
1552.8355534510638,0.6366198574329858,20250103030309_c800d9f0b60e4a9d874098f5e5c58016
2219.1275209353485,0.3746591429811561,20250103030429_119534e9717e47f8a846b0d00e1917f7
44271.36194194388,0.816881291017847,20250103030553_c9e54da00d804b359541a010da3e9be9
4916.448578612118,0.9331504986005882,20250103030715_ec60f66779e644b89d91a3aa8040a0f1
5324.289229505497,0.26670299933032415,20250103030836_5a83d90e47954b8ab37769e8d27407e6
3867.377074191195,0.43174892432019985,20250103031001_624e6f4f9b9647dc9bef531a233eea57
29346.342130864075,0.430073690132862,20250103031125_0eba61a0d6fc42188d38040c4c59bb4f
,,20250103031247_448d81c74b0d4467be88a75ace9dfa04
10104.713121979936,0.6234123843239796,20250103031429_9d57f30185f341b793f149989e0aa329
4684.028449368634,0.4549029050475706,20250103031548_264b25666d934f82aedaa56d9908529d
22021.561689649407,0.7966652818541495,20250103031659_dd278357a7b74598869a4b308e945e7b
4388.690276457097,0.4197806792158677,20250103031819_6c71aa70ff54455b9c9c43bc702c242d
10767.789438647209,0.5625313554670178,20250103031939_f74da303b18143f4bbe457dd0b460cac
1270.0308630891464,0.0737307018540253,20250103032104_f923c0e8f8684d8893418ebf6e10581e
7925.130279761709,0.39268922675169693,20250103032224_5191e031fdf84c41ab870663aa1a042e
38163.56768124565,0.4925974576643596,20250103032352_f9ae7862382d4fb3b9e61242d5a7d2df
24152.839667244723,0.7855524158297862,20250103032513_e5f6bb0dbd4d4c64a88ff3285559e97e
5645.363668115257,0.464070543349818,20250103032627_2f1eb7606c144331bd862b906ddc8734
6305.334616003445,0.40780834906845687,20250103032747_12e6f8aad09d4cce9bcb256511390313
61672.16014980194,0.7563004390787382,20250103032916_45f7df0209034b4cbf2f8a2c00f74733
4610.426477674476,0.7002036555013873,20250103033031_f0c0f5d38c0b4770bac2aebf4778bded
6087.145997886871,0.4239350150304857,20250103033152_fff8aa42e5a2489d8715b7192a5a58e3
1940.349599733592,0.10821094981508728,20250103033321_5136aa3d365043e29563c455c7322444
13790.48567531299,0.11238879477776831,20250103033432_f1fb38ad953741af8eff667886509af2
25318.5879166474,0.7541736417343827,20250103033557_db8dc1e0017a43c68ce31c97135385d0
4373.527182358836,0.24012963576572122,20250103033714_aae156e61f2c40df92b5470eba69e54b
,,20250103033840_311106fc347d4dddad1a8703130a75b1
30089.613959953407,0.7488299756707522,20250103034015_cc8cc681f3874397b5bb5effa31c12f4
1923.0629223302446,0.4599882310017128,20250103034133_ec71ed3128d4450d952af9bca3efd767
3844.5266529296327,0.3427586461527087,20250103034304_183dfa0b015a412a8731be48991672c1
43801.45452200149,0.4994169701732012,20250103034445_8790adf065f445bcbbd5a58f21087222
25988.098773408503,0.6353972093987021,20250103034613_9233b2c17dff4d48bf29b1a590956603
14442.997116027751,0.8423549599703863,20250103034733_1726f7ceeb8445828e314e8a79e06b7d
8509.255498220988,0.7456705531435055,20250103034858_4f67333d209a4635a04802c1f2427b4c
7594.763435736566,0.4964176239453121,20250103035012_75e1126cf2a249c7944d17c1969f7560
36326.84525604789,0.7930020960131703,20250103035128_e101ef13a7be48b6935de9c48151577c
6622.5829096555035,0.727268746759155,20250103035251_44e5a810a136426c8030b92688d43afa
6139.684445862305,0.8174586893586464,20250103035408_127dfaaab2aa48a18a2c46f8054c7db7
3517.396622675328,0.5748320774175983,20250103035530_8a76b771ee114fb7a020ff2a171df997
14854.755062619157,0.8936331142789811,20250103035649_8eb7624c6cf449b6855715def7235451
2798.751505383022,0.17083613592482205,20250103035811_637595aa0b104dfcb6c2eb51537b6afa
2838.151637148172,0.38849402949654965,20250103035931_1494ea0752ae4d76a053c1912f06b774
28407.029144373006,0.4780009857427805,20250103040050_1a3deb9431a44fc58d56436c65c4d349
5232.818543220823,0.6321151480742877,20250103040204_2a5ce7da843b4323ad66135eccc69b1b
87129.74406112931,0.6333206749516235,20250103040326_546f57a8cd234985b7788b460e4bb812
11657.469637201497,0.23997702649973196,20250103040441_8a5b7c6ad632484b8d4a0295dc42d205
48420.662100277514,0.479330781415658,20250103040612_d512fb8bf5ac4cc29f83241d79341259
3697.731248074838,0.5225451742330592,20250103040731_770012ec7e1d4a73b5b554942300685a
5491.195217407344,0.3865076083436605,20250103040907_d6f67af90436474c9bb44ea3000d2719
3969.265324632791,0.7019346986616876,20250103041041_f34abbe392ee48a5af9ffc21325e4acc
2659.6945000995247,0.35786749907833515,20250103041158_4f3311fe37e74089832c631f1f96e23d
79680.7569275928,0.48925554162286766,20250103041318_941ee47f1ce240b597e37e7f72e873ba
2423.088139790734,0.11769103029816586,20250103041442_0180b3be4957436690b8a4edfb4c02af
5680.274153019991,0.7275364499034762,20250103041612_c4011051e5a5464d93932b70883cef77
34574.985608450705,0.6169862121819248,20250103041734_f3fc20d7b5814077a4960a801c3b17f9
,,20250103041847_d0e44b503a0d46a2a72e8a086324630b
6194.062192287152,0.5582594484745824,20250103042024_6c9e821f909049ddae7603e1a281b549
277277.01424552005,0.3038284734658594,20250103042139_012abd7616c74861b011d71b1ba1c3f2
9022.235945873746,0.45477750514645354,20250103042256_a580343fa21242748fdc512c0373a033
24794.5266828441,0.7907842967918002,20250103042410_42cb4fbf2ea84971959fc9874cdc87ff
19834.292188324107,0.5036125809325598,20250103042536_e5853b3faee44a40a4f09102308a8a00
41972.23557643627,0.6436295657800959,20250103042659_227f05a732aa4cc19c1c152f7fd303b5
7144.323641757912,0.493152412159941,20250103042810_9bc6f062616343f79965a1e877b2bd7c
28052.544829210263,0.5987597071987517,20250103042932_09c9498e432649b9a801db537c04a1fe
245487.59860483996,0.3138284048342044,20250103043050_12cd7578048e419baab2056183d0bb8f
8502.580944172078,0.6844905668803893,20250103043201_65e90b7578b349b78aed5b59602b5a46
1873.12115387866,0.3781674054917801,20250103043322_e2b4c98fd31942179fbaf60336bc9690
21154.424871693667,0.7881025536059607,20250103043444_7a438a4e3288413e9e721e216a6cf570
10913.23353186275,0.41552207088961535,20250103043607_6dc05a5d565a46cdb01a44c3330f87d2
22007.08669686044,0.7315401907684551,20250103043734_19f19ecdd2f945808ac88f73d6afbc91
4646.659846421028,0.4435135704750167,20250103043857_8f16ed2817734f28bf12ccd20c0758d3
5900.089359826651,0.4323755158909587,20250103044028_aca76cdc9510490b8fa95fee8f0c6702
6364.464903571714,0.045450003423135876,20250103044143_2352475048924e4dbfeab7ed44d93ba6
2366.015674332061,0.36746695672056584,20250103044328_3adcc27186384ed2973abedf54fc7b9f
1599.074954199454,0.22304279975781494,20250103044446_0be720810fa949e7ae2e1927bd55300e
37433.169578425426,0.29659015333903105,20250103044606_b8124ac525334c90a8b05c3e1a49abd8
2927.2779527257308,0.3620503308652322,20250103044733_0e6e91b96ea44a64bd0e5251ad89dec6
2722.3147542123324,0.2885998841924654,20250103044902_342cee84f8d6481f930ed0ae249ac11c
1539.2941300724733,0.08677568362277566,20250103045019_df3ea6072f454219904fef225ef2e3ba
3906.4237423812506,0.23194438771478953,20250103045140_c27e49be7bc94c49b1250e7a8c260526
1240.7705334230732,0.11132192214407555,20250103045307_3182bb3b46514842b5b0062b7a0bfa1e
1228.2028629061306,0.2786302541020712,20250103045436_d01e34ea960b4ebd9456b4337e4725ee
4901.252710302419,0.797211281462605,20250103045602_278440f60f294f8092f86db8c8c0f87a
6052.843915260337,0.6643251878419072,20250103045734_d6e20a23c8264e33bc5f93fb70e8c142
5263.643328057072,0.11601744908629419,20250103045857_632e48c5bb994fe0bd057650f58259e2
2543.64689319933,0.2386222764914705,20250103050015_52ce6a4bec7349aea9bb950e8c715d19
1360.903187117636,0.30521826437952737,20250103050133_bfb6ce7bbc7d4a3891df62d536f56564
3462.1927993726213,0.33610036695948975,20250103050253_26231ab1cb74406f9d0bafa165429c49
12261.384578766665,0.7419276920982969,20250103050421_c74d90aef3b94fdab53b13d9c90a0b7c
2778.743088543421,0.3289142670662234,20250103050541_a32b3c033be14c2a982e703f00165ea7
24609.305237563018,0.7788813042673457,20250103050713_520fdac10fe24dd2ae16f413b5749055
3010.2958163953467,0.563227672143146,20250103050830_0dba61465e924979b5ea25636193cf21
6047.38684535663,0.8119431525884124,20250103050951_19f63ca159f8463684c583d94c1551a2
29489.948635680128,0.558504287456173,20250103051109_66533af09fed4af7ae5d25d9f698a4cd
1213.4389066187503,0.5169195288497319,20250103051239_9fb01f5ee5b147a7be10fc1dde0de482
57775.92858802719,0.7253687852675936,20250103051354_008c8f4d4d4b4def9954d4c05446d8fc
2281.82970634399,0.1727648660609613,20250103051511_6dcf69f60a904440906451d33f793ce2
17832.77947003909,0.4658604432015717,20250103051636_1fdae4459527495a9af936c5b6bb3fa1
,,20250103051741_738be4bb899449fa8c6cbe92fca0a235
,,20250103051929_da96a763eb9b49c69d9609418a44d7f9
42478.73164517466,0.7777007086878832,20250103052129_496b9c55a5054cd8bcd383be238d3ae5
3650.6581510731294,0.848978408592173,20250103052250_ebf9b0869d4e47b2bd7b6ad38a6b9fb9
15797.562134967491,0.7787835972661414,20250103052417_d7a59649e43f45fc8113c61628184787
3783.168203120424,0.27452691440661836,20250103052541_318996859cba4e609e26b7e4a6f18482
5592.911279263008,0.33508384693569593,20250103052701_05e3099f54b24ac08cf1b661a6c26b44
24732.980230493675,0.5528678579738463,20250103052830_442c21bfeabc40eaa80aad6282a976dd
97891.90526293762,0.6442021575984578,20250103052949_23b135243d58491bb4576222e50e1be1
2605.481229281705,0.6286604055693722,20250103053112_98e811e005ae4037b4250bed240aefb0
4734.981846835923,0.8474708484329909,20250103053254_6f50ff4f7b53405b9577832c9309e057
3746.6748976939843,0.6448691788469341,20250103053417_c2a385bc26b2429a874992d7af0d0b01
3134.1792518962543,0.8160420952190925,20250103053537_1a5df37ea34847e097a1525283c5b52b
53571.04191031555,0.3186998606721628,20250103053701_46d22d82dadd4a32ae579b1b362b90f3
10049.74482172474,0.6442907053531592,20250103053828_029a6d8741034a428a9aa65f9523926a
57743.18990636812,0.6643792211861526,20250103053940_652b47f75bde4d90ad628157c162e7b3
3882.062969577256,0.417780063106852,20250103054103_b5d25d1047b64abb9cb161c8988baf56
3273.893934780628,0.603637440595907,20250103054220_ade334bb797d437c8d0dfdf2340e19e7
3460.515232020122,0.01865810585645078,20250103054348_d9baf70b0ffb4cbd9713318eb85af7d0
4714.168390538458,0.5579659836514507,20250103054504_58f275cafae3480db5ebd8da812140a3
39269.84639390557,0.8842135664325261,20250103054635_8169d4fd5f394b9ebb1141bd6c625c21
9345.919491032795,0.6531537289871382,20250103054755_bc60005bc26c49ec88ea3339ed52783e
16858.41445761957,0.16863995604865845,20250103054918_40d516ed8b1d41358d158e3313ce4d4c
4401.864826849611,0.8197256549356962,20250103055039_7d09f153b41443db82b3049bf85119aa
12754.943076124635,0.8434768986098411,20250103055203_b1473c5b175c4b8ab50086f783a413c7
17779.215332779175,0.632086962660173,20250103055310_4b0e4b7e3f5947299e730f0e3675c0e4
47244.89635488281,0.8103820659743148,20250103055438_362dc9abb83d4cd4a69458045568e41d
1540.7876145568139,0.7214396359169987,20250103055556_5cfaf82014ba4e9a86124ef05f75f295
2031.1711428862502,0.6004427115438822,20250103055709_8bf5dcb1bed44345a0119a42dd67d9c5
9080.229896834824,0.4505432291148189,20250103055843_6870a528845e4aafb591d81bb59b6675
18640.653326041673,0.5782989060969856,20250103060003_9c2c9ceb90aa49d7a86c41551914facd
18991.46010283782,0.5201536157426427,20250103060117_4311fc46c79a42ddbbfd41ac251dc395
2905.9969176632,0.6395791617119144,20250103060241_ed2136ffdc1f45f0954d76b2bf33daf3
6980.647297730941,0.32266814018014434,20250103060413_2617e36a034d4055b9b12949e6801f0c
2779.944259365668,0.3042021058113855,20250103060545_70a5e7f033b54605b0d9e20e0e914fdf
2505.521883946124,0.35105307292329346,20250103060709_382d06dc36e14711a08fb5e7753eab65
1886.7372632053687,0.6497266737149816,20250103060835_d4263f3ae14c456caba7c25791af5418
3243.5564109853885,0.25476436683708636,20250103060953_b1d5fcc8d20b4e41a99e760f513728ad
6096.055230156884,0.6607458772916259,20250103061130_024d92451cca4c1787326990e1cc30e1
25315.046716574507,0.4714051893579685,20250103061246_68b0b356c3824fed99263ffd25b98f7b
3452.6829757764413,0.6975162728254705,20250103061400_15a56d7fcc1844bd8fc50a87aca5960e
21157.17556405488,0.49894195598219715,20250103061517_ebd89fa29a8047a49ee04066f665b484
5916.542908254371,0.6580939060559331,20250103061637_adaafe5a8b184e779869b5227eb34a4f
2104.0226689931246,0.28474246798455394,20250103061751_8d727d41d6384beebc097ccbff6bb819
1667.915861712866,0.13809619026033493,20250103061918_ba7eee12572243f4aad05661113482f7
1324.845543419404,0.3148698017547441,20250103062057_b0c1fe00c5ee422088f3d58d7d5d5b65
3946.608259699543,1.0113625484609112,20250103062207_eec1b1dc3e7447b8b87da3bdd686f193
14576.114774378133,0.7479829627929186,20250103062325_8fd6c920cb554ac9b4b15713a70444d4
16475.402998469446,0.8273316226237144,20250103062448_54e0d68b582c456993453ca9c537b507
939.1947645894054,1.0972910262229745,20250103062608_8a9fdd4e272c47828c232d3b01f62ed3
1305.7995736205212,0.23485394020738293,20250103062723_408bb6f22f97490cb07295d500e1679a
25456.540448474672,0.4332109927744824,20250103062842_d14b875e98a942a0a8c583a96c3875ee
4671.712768228441,0.12162228749374138,20250103063011_8923136b37ba4bdaa45d46d2e765f36f
7309.742000394002,0.4605785164146815,20250103063146_2cfaa8ceb4654741b652e50e36a3f174
2210.1544110683835,0.4008436713173029,20250103063302_ab55a6a790c34e139aa503dedc718a31
13020.791934351182,0.35429578515586424,20250103063419_ec8d40e8003b414485e550098052b7d9
1308.9398226935648,0.4711537667167691,20250103063542_d3c2d8753cc24fafad8a5fdeedfae046
14365.902368287125,0.4583720550151791,20250103063702_dee2069b83e14bf5b67fc4b5fb1fa315
12501.185842020928,0.8398428031992684,20250103063821_ae879ebf53934a9b9a926e3eeb5b67f8
4610.868410892124,0.4548807776624981,20250103063941_2d40e84a0fbf4b219b27d61aafd3b667
13825.517973299493,0.3300709999926438,20250103064056_1f186533bf934c2783a0ae9427d4a1dc
2712.0617555370836,0.4629428854103669,20250103064227_6e1047d12e724f69880d4ce7c5fedcdd
16265.178801665983,0.46225243385646797,20250103064355_b9e4ff6111bc417ab7f527f06153c97f
10441.4001279443,0.9021050582018375,20250103064512_435cf58c33a843c1a4866430790abcb8
20075.62968105798,0.9087262795935145,20250103064637_88ee0c1218ad406381e9c9180b67f479
,,20250103064753_23c8315212d94a35853cc241b5067197
1662.4418271407233,0.45701203986928207,20250103064918_08f5480d6c334065b8003a1152394269
4896.811593549715,0.07434424315618304,20250103065038_eb73523f40b84731b3c80d0f62af2485
35505.79105431908,0.4898209331920719,20250103065210_ee8cdb156f744b8f8d5dcfed2c3ab0cf
5680.492380747271,0.42875564116585885,20250103065340_ffbe4c34919b4c599a1b168b3aa1dd5f
,,20250103065507_c06af523495a4e19ae56c128cc8002cc
116754.28430262471,0.5145981093321685,20250103065646_084079f2381840daaa3c06071bbdd77b
26928.812863773357,0.4029944679162565,20250103065800_113c0c9d58be4515b2e013f693991c2b
4354.463419609609,0.5595291864212769,20250103065918_b44027ff2f314b58bf3b481ca17509ef
2275.1299618674666,0.31080055789053296,20250103070034_fc908a9d52684aa2b64bce288d3fa1f4
6242.718097523541,0.39639216473326544,20250103070154_a5a9762f50e341e795ecb858b231234f
1306.7221388671326,0.8029672107468981,20250103070318_77d29884e5714104a6f981eaef8e01c3
1258.9685763251266,0.26486559164144996,20250103070429_e9c3404c7f2c46ef9b5cb4fcd07b586d
6772.530236575607,0.49929270043004614,20250103070540_e6ba03fcc11f45f7883f8fc369e02f2f
4110.346106085574,0.5614024868956173,20250103070659_84e7bf92efe7452abee03d6245bc9cbe
3792.9087958293467,0.604290940556453,20250103070821_95a4d50c874d4648a76e6db724c65625
1745.7499429588406,0.5135067065489287,20250103070942_a8b69730fc1449b395800d63d76df1a8
,,20250103071118_17eb62727d5d4e00a841bc5a6e55913f
2347.3206328084725,0.011807943960476575,20250103071255_5b79ae434d3a46adb6d64920f5630963
2671.073604003364,0.6786110573800983,20250103071417_8bb863bf5d9e4352a8fc2cbee5447b31
3298.9238524088146,0.46078320111911886,20250103071535_eaccafa52e254cb3968d2ce33f2407fd
13972.190448318132,0.8197874585271818,20250103071648_9464b9a8890d45bfa961caf0bf44b3e4
34101.33533371336,0.06593987520918154,20250103071809_b18e13aab75e48199741126fe8dd454d
5458.130827396513,0.905897455313281,20250103071928_2332642c66744636b1481c74c4c15582
7357.793918996373,0.3280293028486303,20250103072049_1106e6d02f2943fba72e353288999be3
,,20250103072225_57d1a54218c04e0f99cace2f66347f98
36572.294679325096,0.6444865212859376,20250103072404_abc980f132f64bf0b95f47380e202acf
26325.82101128682,0.42940629118868556,20250103072531_9b454bb7404d4735a5af302bda61e10b
,,20250103072650_ccef376d92bf472d93ba06816643ef44
9049.448913424625,0.33537928312007814,20250103072829_2e545c18c9c94ee99c9f6752ba41546c
4268.9592510546645,0.3691301390257842,20250103072951_0e3e34315d9945f8b22825a2f2091680
7713.610249981627,0.3643659825979525,20250103073120_605f07169f974a288946ca10bcdfb7a4
5073.380998868889,0.38819219824264617,20250103073246_506b1984c19f4c4e9f18abd400dac581
4126.230501484916,0.9191004541132759,20250103073406_87b782ccae2e46fea6bf79041503fa5c
1859.970019566559,0.551302585366554,20250103073523_daa81471b4724133b111d9bafb20a4e8
4845.3674877876665,0.46069910828892646,20250103073633_19933974110042a5b93989c95a06ab00
71525.34222548043,0.5909994552890812,20250103073753_a202eacd60444c4492d014af219dee8e
7839.5403833191,0.8093750610168504,20250103073902_4c1d791d24b84973a1d36eec895dd131
2078.117018459724,0.19271843530952004,20250103074017_4ac33ea93ec14959bdc54fe15cd97a78
11047.738107306524,0.686172861306549,20250103074130_916ac71b634d4ed18a2ae44a40c54759
117552.217340251,0.643238056409813,20250103074243_76fb1fe0356b4dbdb2ffa756bf0a9a5a
9539.365134283289,0.6276384822459555,20250103074353_1a0a947bee334a64871fa2cf01dbb811
2437.1515503829946,1.0651023811883733,20250103074515_52451ac5c2154795b5f2553755c04fde
53076.11190015352,0.375011765305836,20250103074630_7ad9938cec3d4f6aa39a2707c143ba14
31516.63988183335,0.6899368030297675,20250103074745_ecf5c45e661b433aaa55ed3b9bfa8914
2676.129953284459,0.1657859531557152,20250103074858_50f62b2ce8a9484ba5c8e095339ba326
22547.349790342923,0.4170674327449174,20250103075030_0b619a9958594157a7ec3f060533d428
16987.987795812372,0.1334137863288315,20250103075152_314762c0d0fb401493cb02f99f9f8050
3218.086110070925,0.6187278672670795,20250103075313_579d41f373c0450eaed40285280b6521
26685.23946350989,0.867765186484571,20250103075446_2943467795e542d381b9358ac7b32e2c
75086.37004972511,0.6117250069391382,20250103075601_f0df947fbf05465889f3788bd97a40db
80527.45170535916,0.7144106417802101,20250103075725_f443830e9d4c45b9b7ceb2794bd9faea
3244.0237589071066,0.4037978051532809,20250103075841_a8e9f7a0136a44968c1e0479d27b129c
4650.756077677597,0.239208479518214,20250103080005_650b24c62f21466d8a30379f322db51b
5040.3679775855635,0.4018885285441549,20250103080123_48391c4a624d487fa274b73154044ce0
,,20250103080252_aac80957f69b4eacb7ff7dd9094c9c85
,,20250103080440_e6736274a8374568b47a9b83427afc3d
1160.8496350822459,0.7010150518604046,20250103080614_ba1be18a4c3948f5ad6115c1bf9f4f16
3251.0947524790417,0.5789426001415219,20250103080737_6b6cf7e32adf401a9e0dae0357e1b3da
2612.5459498781906,0.3753923256374666,20250103080854_f4e156bd2615415b8ce5ae722edf31b6
19738.725601457423,0.818382313093646,20250103081031_e783c96d459f410aa727a4413104c95f
3697.148163517393,0.43648494262663995,20250103081147_e8b9d19148984557bda07cfcfab47e8b
2259.9138534692624,0.28580577720219047,20250103081328_307e48862ae64e4db5e3236be40dfc4e
10728.345593737811,0.6167843928181713,20250103081511_b1f1ef1ad42c472aa56d334225c96be0
127699.8948864513,0.1978984368619635,20250103081629_d4ce46f354c74ef9af54c66e92d5c5f2
4688.3130539244985,0.3139440719384856,20250103081745_69a900d467c8480ab5ac68ad9a3eae5d
4889.800990998305,0.5236775608603883,20250103081908_2ae440866dc54f1dbe3733f538b6a605
8171.875745789064,0.42715554490306906,20250103082031_fbf5e7c127bd437ca74f40a6acab64b8
3120.4843787507302,0.3492266480164252,20250103082155_28afa525ecae41e0a055783ad9979f23
966.7869379230918,0.16671769303765882,20250103082340_7e3e136f98ca458c9aeabfc8bc86c341
,,20250103082511_598a75e720fd454fb1697ee5a19541bc
16027.11475997082,0.713359699069545,20250103082653_519f5f6b20324f74a3422b9b7bbdb7a7
41289.840435554914,0.7002938951162874,20250103082816_188ed2adb0d1482d910b06978dfa7a0e
1832.3064306585577,0.3845313577322246,20250103082933_d8e8925b4670425bbae3a4ab9a97d6af
1283.772270926995,0.5636664216106143,20250103083056_2328db1afd9f4e9187b6997df546fdbb
20513.918215992187,0.42929855637688896,20250103083212_f60a887f735d4a4b94dde6b2c7956f8d
5580.3329107976,0.39144837178193814,20250103083325_a9653e534a5e406c91b86da5f1d3cb6a
7674.887727374576,0.4616476718699677,20250103083435_c27366cc307c47cbb53c5b7ab2ffbee6
1613.7286220034052,0.3278820328146823,20250103083553_da34d11d8f374c549e972643e4191e00
1559.1181831167505,0.32796141195056905,20250103083708_e3b10d8344cd4ed9a620d044106153c4
1526.7196667486048,0.44386809319206133,20250103083834_7c13aa7bea3447a3a81f093bf5828e5c
45255.77312177952,0.5822731315996512,20250103083959_38ab527628354a018c1c6a7d368f6960
3181.5276483615266,0.6644969510495731,20250103084133_7fa8a4d8519b4d7b8af2d2a95b0277ee
2107.7433188375967,0.4056440175368484,20250103084259_77ad1384e9e045ac80fb33247b7d3395
1769.0119339667772,0.23665726947416288,20250103084407_ecce38c0b2e649ba83cdd5b6741b9ca5
26674.248093962095,0.41694102159778157,20250103084523_edac825dc87045d8bf08ed1143fb019c
2457.564863511295,0.8106434350202886,20250103084637_71a882619c844ab0bd20def6dad2f671
17359.08673500827,0.4752063996568845,20250103084806_9b4b9406cb6c4671a159809c1ffd4250
7380.921975217545,0.8871968285927803,20250103084927_4c478b5e5fc0478f90f9986572d98bba
11635.943329784553,0.4275356600964404,20250103085056_e05a63109335436ab901f2862fa1f292
10229.908732849484,0.8778128713928731,20250103085226_22b847e4ac5e47ec9e22b1c87418532b
,,20250103085339_333eddb404484bec8e8325f4887f187a
,,20250103085516_107a08733a1f4f8b97038b070c9c58f8
1491.5454709422029,0.37187019627536333,20250103085650_ec506006ecb346359a96723a557b880b
26418.063359913856,0.8152474213244427,20250103085819_52e9b030851d46dfb5da6892d04ccb67
,,20250103085936_a191a02f3f21466c94a4e4ac1b20ebae
8646.654165476555,0.5797605869695915,20250103090116_7a90d98c5b794010b91c5daca94000cb
34368.07694737356,0.8469726849114911,20250103090234_86ef17732d1d4049b9afe84bc9f5d06f
2841.3610967023183,0.4894257543968634,20250103090344_b0939bf7655e4869ba6ea0dad9d93b7d
1708.3006087669232,0.546072277122224,20250103090513_b1c906f583d24ce0a1d0435f33d42ef3
64014.37630039125,0.5808454730994392,20250103090626_2579e85b7d0f43d3a073305c9e4cde79
,,20250103090736_587e4becc0864425bb1105585f9923e4
,,20250103090912_4d9d04f7ecf44c92a8f1dfa5405bfd9a
3614.3527732701777,0.7537073256774696,20250103091103_d3c6d008b3054821adca754a0bb3a8d2
3393.791762104262,0.19155063519807047,20250103091222_bbd4057f7f3f4942bd53749ea208c23f
11496.045625454104,0.6226773384878324,20250103091346_8dd7d19e5c154081bd52b349e9256962
2798.4482618206707,0.5225626606441984,20250103091457_c40692f94f284aadbf47282aa4e3f415
144268.87973782356,0.5617870325074827,20250103091629_f2bbdeb9073748baa3ade8c2beb80c2e
3607.4482418062976,0.3042268477110134,20250103091740_6af88f6fad2749c1a77349253c764009
3871.7846502489624,0.8385927587821214,20250103091907_80ae9a14022c441390eb46a805ee105a
4181.281110620767,0.9408121753614502,20250103092028_75ec5e31cb0b4809b7f9e5b96ccb5970
5046.523357088269,0.788104351156891,20250103092144_90b03abacb3a48e4b3def65a8678e55b
3508.2269647133257,0.2480250469845986,20250103092301_f987f8ebceda4b898dd4f34a1424e4ab
,,20250103092438_a7f72ba3704446dbb5713fbdcc9d70e2
1561.0125819980126,0.0594282110870572,20250103092636_7ea07d8d851b40efa03c065880b5f26d
20231.238620347674,0.7746098942512878,20250103092753_f52c9c3adf9b443c957d78f7251456bc
35592.79792727324,0.725488717399087,20250103092910_0e1aa324a214434b83cad259650136ad
2438.898217558595,0.4560629629085432,20250103093022_29640ea582b74310bff6139d2dcc7b2d
6143.20183202038,0.5129227000436896,20250103093142_48265a03f79f4908bca3d23961be4d20
2460.3427880798126,0.7524931388542604,20250103093316_b03634c619424dfdb44c047b7750df9e
