% Model,cwt_solver_20240922.mph
% Version,COMSOL 6.1.0.252
% Date,"Oct 14 2024, 09:19"
% Dimension,2
% Nodes,441
% Expressions,4
% Description,", , , "
% Length unit,m
% X,Y,Rx (1) @ lambda=6,Sx (1) @ lambda=6,Ry (1) @ lambda=6,Sy (1) @ lambda=6
-649.9891519165274,-649.9891519165274,0,0.02579692887139464+0.011029740847193024i,0,-0.025796928345673802-0.011029740632147771i
-584.9902367248745,-649.9891519165274,-0.017491540107792667+0.018837040077201446i,0.042958220458666665-0.0082661406834342i,0,-0.060449796120000274+0.02710339655380511i
-649.9891519165274,-584.9902367248746,0,0.06044979226567601-0.027103388722384235i,0.017491537234951254-0.01883703546267731i,-0.042958217047148514+0.008266136330304565i
-584.9902367248746,-584.9902367248745,0.004678263080092657+0.06051756224020875i,0.05444827111053744-0.08778281015904735i,-0.004678265349105131-0.06051755683550798i,-0.05444827241968392+0.08778281254564765i
-649.9891519165274,-519.991321533222,0,0.09374143135228857-0.064453108041844i,0.03461516684972601-0.03718847483686469i,-0.05912647167967359+0.027264904628965362i
-584.9902367248746,-519.9913215332219,0.02659313482900985+0.10078248722232153i,0.0648617852440628-0.16510053887018028i,-0.00910247744673013-0.11961944134278422i,-0.04737111383833306+0.14626363448139962i
-649.9891519165274,-454.9924063415691,0,0.12497476817546678-0.10006238490871053i,0.051010032017026224-0.054581171321728725i,-0.07396461562791241+0.045481008152497795i
-584.9902367248746,-454.992406341569,0.047643811915308504+0.13873334021114928i,0.07413624731949245-0.2383715829816137i,-0.013029761756103639-0.17592181460077932i,-0.039522153960988335+0.20118313188698242i
-649.9891519165274,-389.9934911499163,0,0.15349798656464342-0.13301553967948015i,0.06633149493610167-0.07056618861660788i,-0.0871666376386463+0.06244946447230245i
-584.9902367248746,-389.99349114991617,0.06724174863357586+0.1735257850287871i,0.08222654024621862-0.30584641765417964i,-0.01623321021742577-0.22810705270489723i,-0.031217973942033142+0.25126526430669016i
-649.9891519165274,-324.99457595826345,0,0.17871646618980253-0.16246983179033195i,0.08025557368566873-0.08473036169774334i,-0.09846074975295353+0.07773924524706019i
-584.9902367248746,-324.99457595826334,0.08484447000890122+0.20438544651670637i,0.08910158830840799-0.365914847235257i,-0.01851461095225672-0.27495176602708493i,-0.02277166035352969+0.2953486107470513i
-649.9891519165274,-259.9956607666107,0,0.20010534296617932-0.187669514600604i,0.09248799140469-0.09670671477443277i,-0.10761744969976617+0.09096280725694834i
-584.9902367248746,-259.9956607666105,0.09996213095180868+0.23062666188769185i,0.09474161456345542-0.4171443173171817i,-0.0197084595153849-0.315357243056638i,-0.014487898840743238+0.33241389452546144i
-649.9891519165274,-194.99674557495786,0,0.21722002460905315-0.20797109868888797i,0.10276825455798339-0.10618393612436092i,-0.11445162304324216+0.10178693238958222i
-584.9902367248746,-194.99674557495777,0.11217764185012441+0.2516663274723303i,0.09913485302496819-0.45831350912590385i,-0.019691641911309954-0.3483732755187948i,-0.006648767943458367+0.3616066872138921i
-649.9891519165274,-129.99783038330497,0,0.2297049351894918-0.22285420286190816i,0.11087679045993074-0.11291415996586868i,-0.11882821474636922+0.1099399922471237i
-584.9902367248746,-129.99783038330486,0.12115183143709915+0.2670373753881031i,0.10227528324445367-0.4884413385288776i,-0.01838571655270793-0.3732216033685898i,4.908879584516745E-4+0.3822572941453033i
-649.9891519165274,-64.99891519165215,0,0.23730107555192742-0.2319393954541137i,0.11663799761965112-0.11671957680707112i,-0.12066293107952421+0.11521958726636444i
-584.9902367248746,-64.99891519165203,0.12663790266409738+0.2763985903643718i,0.10416012013040654-0.506809972590922i,-0.01576326257237634-0.3893130565448632i,0.006714613149276211+0.3938956548792347i
-649.9891519165274,6.821210263296962E-13,0,0.2398506957379484-0.23499349610497694i,0.11992537829322367-0.11749671347418968i,-0.11992537829322264+0.11749671347419002i
-584.9902367248746,7.958078640513122E-13,0.1284832196049214+0.2795422421471644i,0.10478849029257217-0.5129818604161592i,-0.011847394987410914-0.3962621472514244i,0.011847394987413579+0.3962621472514212i
-649.9891519165274,64.9989151916534,0,0.23730107555192861-0.2319393954541084i,0.12066293107952346-0.11521958726636297i,-0.11663799761965146+0.11671957680706935i
-584.9902367248746,64.99891519165351,0.12663790266409689+0.27639859036437664i,0.1041601201304061-0.5068099725909189i,-0.006714613149274601-0.39389565487923545i,0.015763262572377895+0.3893130565448596i
-649.9891519165274,129.99783038330622,0,0.22970493518948734-0.22285420286189972i,0.11882821474636661-0.10993999224712113i,-0.1108767904599286+0.11291415996586693i
-584.9902367248746,129.99783038330634,0.1211518314370983+0.2670373753880943i,0.10227528324445401-0.4884413385288675i,-4.908879584482884E-4-0.3822572941452951i,0.018385716552709444+0.3732216033685818i
-649.9891519165274,194.99674557495896,0,0.21722002460904916-0.20797109868888042i,0.11445162304324122-0.10178693238957953i,-0.10276825455798358+0.10618393612435471i
-584.9902367248746,194.99674557495908,0.1121776418501321+0.25166632747232487i,0.09913485302496566-0.45831350912588953i,0.006648767943455369-0.3616066872138824i,0.019691641911312133+0.34837327551878555i
-649.9891519165274,259.9956607666117,0,0.20010534296619067-0.18766951460058717i,0.10761744969977002-0.09096280725694313i,-0.09248799140469117+0.09670671477442744i
-584.9902367248746,259.9956607666119,0.09996213095180956+0.23062666188771117i,0.09474161456345243-0.417144317317171i,0.014487898840743599-0.3324138945254632i,0.019708459515388813+0.31535724305663954i
-649.9891519165274,324.99457595826453,0,0.1787164661897887-0.16246983179032365i,0.09846074975294905-0.0777392452470527i,-0.08025557368566472+0.08473036169773988i
-584.9902367248746,324.9945759582646,0.08484447000890294+0.20438544651669885i,0.08910158830840492-0.3659148472352456i,0.022771660353530565-0.2953486107470416i,0.01851461095226198+0.27495176602707466i
-649.9891519165274,389.9934911499173,0,0.15349798656463637-0.1330155396794723i,0.08716663763864407-0.06244946447229949i,-0.06633149493610055+0.07056618861660555i
-584.9902367248746,389.9934911499174,0.06724174863356851+0.17352578502878693i,0.0822265402462149-0.30584641765417087i,0.03121797394203142-0.25126526430668206i,0.016233210217423327+0.22810705270489545i
-649.9891519165274,454.99240634157,0,0.12497476817545893-0.10006238490871444i,0.07396461562790847-0.04548100815249784i,-0.0510100320170232+0.05458117132172775i
-584.9902367248746,454.99240634157013,0.047643811915313444+0.1387333402111417i,0.07413624731948867-0.2383715829816072i,0.039522153960985226-0.20118313188697357i,0.013029761756107212+0.17592181460077239i
-649.9891519165274,519.9913215332227,0,0.09374143135228538-0.06445310804184233i,0.05912647167967264-0.0272649046289653i,-0.03461516684972543+0.037188474836864105i
-584.9902367248746,519.9913215332228,0.026593134829004363+0.10078248722231954i,0.06486178524405976-0.16510053887017712i,0.047371113838330745-0.14626363448139518i,0.009102477446727403+0.1196194413427837i
-649.9891519165274,584.9902367248745,0,0.06044979226567444-0.02710338872238683i,0.04295821704714702-0.008266136330304978i,-0.017491537234950442+0.018837035462678106i
-584.9902367248746,584.9902367248745,0.004678263080093281+0.06051756224020567i,0.054448271110535136-0.08778281015904568i,0.054448272419682225-0.08778281254564378i,0.004678265349107393+0.060517556835506275i
-649.9891519165274,649.9891519165274,0,0.02579692887139328+0.011029740847192156i,0.025796928345673313+0.011029740632147636i,0
-584.9902367248746,649.9891519165274,-0.01749154010779199+0.018837040077199572i,0.04295822045866593-0.008266140683434214i,0.060449796119998477-0.02710339655380253i,0
-519.9913215332227,-649.9891519165274,-0.03461517252624505+0.03718848395097833i,0.05912647789062528-0.027264913452760497i,0,-0.09374143948588239+0.0644531233100471i
-519.9913215332228,-584.9902367248746,0.009102472970210433+0.11961945199912108i,0.047371115050522584-0.14626363759216934i,-0.026593136474477357-0.10078248113992007i,-0.06486179119971358+0.16510054793029422i
-454.99240634157,-649.9891519165274,-0.0510100403606696+0.05458118470849364i,0.0739646244845939-0.045481021237659916i,0,-0.12497478038022944+0.10006240724908014i
-454.99240634157013,-584.9902367248746,0.013029755193653562+0.17592183020706936i,0.03952215760497464-0.2011831403917254i,-0.04764381294162999-0.13873333355793643i,-0.07413625772198788+0.2383715984610108i
-389.9934911499173,-649.9891519165274,-0.06633150574609417+0.07056620594267499i,0.08716664892378267-0.062449481502624866i,0,-0.15349800253059614+0.13301556855188879i
-389.9934911499174,-584.9902367248746,0.01623320174762219+0.22810707281892872i,0.031217979865774972-0.2512652779491601i,-0.06724174906894363-0.17352577790395918i,-0.08222655477649232+0.3058464391175537i
-324.99457595826453,-649.9891519165274,-0.08025558670186274+0.08473038253184498i,0.09846076319110457-0.07773926580726793i,0,-0.17871648551285313+0.16246986649187373i
-324.9945759582646,-584.9902367248746,0.0185146008061981+0.27495179007885634i,0.0227716683476287-0.2953486291262496i,-0.08484446990306614-0.20438543901159087i,-0.0891016065368581+0.365914874078882i
-259.9956607666117,-649.9891519165274,-0.09248800631370314+0.09670673859808404i,0.10761746496394749-0.09096283084288131i,0,-0.20010536515833854+0.18766955428348864i
-259.9956607666119,-584.9902367248746,0.019708447970947715+0.3153572703639818i,0.014487908644422148-0.33241391710701906i,-0.09996213037444658-0.23062665408511782i,-0.09474163596183602+0.4171443487857329i
-194.99674557495896,-649.9891519165274,-0.10276827100077038+0.1061839623450122i,0.11445163976294902-0.10178695842077372i,0,-0.2172200491106148+0.20797114238101297i
-194.99674557495908,-584.9902367248746,0.019691629286099924+0.3483733053068018i,0.006648779252228398-0.36160671334581995i,-0.11217764088748883-0.2516663194476278i,-0.09913487698061585+0.4583135443339893i
-129.99783038330622,-649.9891519165274,-0.11087680804026123+0.11291418793164161i,0.11882823251643312-0.10994002008115719i,0,-0.22970496138305718+0.22285424949147187i
-129.99783038330634,-584.9902367248746,0.018385703196163422+0.37322163479103715i,-4.908754846080776E-4-0.3822573230763495i,-0.12115183018931064-0.2670373672097704i,-0.10227530907678181+0.4884413764857915i
-64.9989151916534,-649.9891519165274,-0.1166380159137124+0.11671960582322666i,0.12066294947000916-0.1152196162149943i,0,-0.23730110277792754+0.23193944387587692i
-64.99891519165351,-584.9902367248746,0.015763248856807355+0.38931308870830794i,-0.006714599876544963-0.39389568578061396i,-0.12663790124104707-0.2763985820961043i,-0.10416014710901156+0.506810012228719i
-6.821210263296962E-13,-649.9891519165274,-0.11992539685962354+0.1174967428204311i,0.1199253968596265-0.11749674282043093i,0,-0.23985072331095558+0.23499354512921355i
-7.958078640513122E-13,-584.9902367248746,0.0118473812986222+0.39626217923995244i,-0.0118473812986222-0.3962621792399552i,-0.1284832181228409-0.27954223384919075i,-0.10478851765668137+0.5129819006195249i
64.99891519165215,-649.9891519165274,-0.12066294947000937+0.11521961621499813i,0.11663801591371122-0.11671960582322578i,0,-0.2373011027779271+0.23193944387588278i
64.99891519165203,-584.9902367248746,0.006714599876544186+0.39389568578061285i,-0.015763248856809714-0.38931308870831116i,-0.12663790124104835-0.27639858209610274i,-0.10416014710901328+0.5068100122287204i
129.99783038330497,-649.9891519165274,-0.11882823251643172+0.10994002008115925i,0.11087680804026148-0.11291418793164457i,0,-0.22970496138305513+0.2228542494914756i
129.99783038330486,-584.9902367248746,4.908754846085495E-4+0.38225732307634896i,-0.018385703196162964-0.3732216347910414i,-0.12115183018930879-0.2670373672097725i,-0.10227530907677984+0.48844137648579367i
194.99674557495786,-649.9891519165274,-0.11445163976294785+0.10178695842077677i,0.10276827100076996-0.10618396234501629i,0,-0.2172200491106113+0.20797114238102227i
194.99674557495777,-584.9902367248746,-0.0066487792522249844+0.361606713345819i,-0.01969162928609977-0.3483733053068063i,-0.11217764088749019-0.2516663194476292i,-0.0991348769806123+0.45831354433399396i
259.9956607666107,-649.9891519165274,-0.10761746496394517+0.09096283084288365i,0.0924880063137028-0.09670673859808698i,0,-0.2001053651583364+0.1876695542834927i
259.9956607666105,-584.9902367248746,-0.01448790864441793+0.33241391710702534i,-0.01970844797094605-0.3153572703639843i,-0.09996213037444589-0.2306266540851201i,-0.09474163596183241+0.4171443487857397i
324.99457595826345,-649.9891519165274,-0.09846076319110467+0.07773926580726892i,0.08025558670186342-0.0847303825318464i,0,-0.17871648551285424+0.16246986649187212i
324.99457595826334,-584.9902367248746,-0.022771668347629573+0.2953486291262536i,-0.018514600806194714-0.27495179007886367i,-0.08484446990306102-0.20438543901159364i,-0.08910160653685754+0.3659148740788877i
389.9934911499163,-649.9891519165274,-0.08716664892378082+0.062449481502625956i,0.06633150574609355-0.0705662059426769i,0,-0.15349800253059429+0.13301556855189592i
389.99349114991617,-584.9902367248746,-0.03121797986577396+0.2512652779491642i,-0.01623320174762234-0.22810707281893006i,-0.06724174906894449-0.17352577790395932i,-0.08222655477649163+0.3058464391175594i
454.9924063415691,-649.9891519165274,-0.07396462448459443+0.045481021237661005i,0.05101004036067014-0.05458118470849476i,0,-0.12497478038022963+0.10006240724908114i
454.992406341569,-584.9902367248746,-0.039522157604974364+0.20118314039172935i,-0.013029755193651557-0.17592183020707183i,-0.047643812941628706-0.13873333355793716i,-0.07413625772198892+0.2383715984610158i
519.991321533222,-649.9891519165274,-0.05912647789062468+0.027264913452761753i,0.03461517252624494-0.037188483950978686i,0,-0.09374143948588398+0.0644531233100502i
519.9913215332219,-584.9902367248746,-0.04737111505052169+0.14626363759217179i,-0.009102472970210898-0.11961945199912243i,-0.026593136474478203-0.10078248113992115i,-0.06486179119971425+0.16510054793029866i
584.9902367248746,-649.9891519165274,-0.04295822045866632+0.008266140683434621i,0.017491540107793153-0.0188370400772012i,0,-0.060449796120000315+0.027103396553805233i
584.9902367248746,-584.9902367248745,-0.054448271110536656+0.08778281015904846i,-0.004678263080091713-0.06051756224020878i,-0.004678265349105256-0.060517556835507136i,-0.05444827241968413+0.08778281254564912i
-519.9913215332227,-519.9913215332222,0.052320949678565945+0.19925182145054976i,0.03484430748083199-0.2617014408300997i,-0.05232095291614882-0.19925180947377372i,-0.03484431122030489+0.2617014434811971i
-519.9913215332227,-454.9924063415692,0.0938358878006999+0.2743085617732953i,0.022114708854019366-0.3708851286683674i,-0.07634450589343919-0.29314560867489536i,-0.0046233339218123+0.352048001719781i
-454.9924063415702,-519.991321533222,0.07634450116909083+0.29314562617599i,0.004623332373438593-0.35204800548207704i,-0.09383588980854839-0.27430854868624954i,-0.022114717356211566+0.370885136942978i
-519.9913215332227,-389.99349114991634,0.13248792087156788+0.34311954942893785i,0.009741188829911901-0.47127131319431737i,-0.09787399773427295-0.3803081780535674i,0.02487272290173073+0.4340826470438279i
-454.9924063415701,-454.9924063415691,0.1371671754458606+0.40363624406937976i,-0.029551994563373207-0.49459948658976044i,-0.13716717834655437-0.4036362249799719i,0.0295519879991038+0.49459948754932087i
-389.9934911499174,-519.9913215332222,0.0978739916776398+0.3803082005372169i,-0.024872722344734616-0.43408265702828996i,-0.13248792170571766-0.34311953542629303i,-0.009741201770648883+0.4712713267717681i
-519.9913215332227,-324.9945759582635,0.16720511034192617+0.4041529090113144i,-0.0017470167353368093-0.5605216169487175i,-0.11619629131465509-0.45873427729072275i,0.052755837955855284+0.5059401345861275i
-454.9924063415702,-389.9934911499164,0.1937991764605483+0.5049342515581792i,-0.06186018167344964-0.6255587096760987i,-0.17630888390283858-0.5237713880866309i,0.07935047948131543+0.6067216444559217i
-389.99349114991725,-454.9924063415691,0.1763088802390442+0.5237714125472602i,-0.07935048412834861-0.6067216506871288i,-0.19379917762111487-0.5049342311632085i,0.06186017041881001+0.6255587151569855i
-324.99457595826453,-519.9913215332223,0.11619628412538748+0.45873430406021554i,-0.052755835435129045-0.5059401504142224i,-0.1672051101014776-0.4041528942717016i,0.0017469998055451574+0.5605216353377674i
-519.9913215332226,-259.99566076661057,0.1970223152369474+0.45605247379605124i,-0.011867466962377837-0.6365594348412076i,-0.13069283133968923-0.5266189831012166i,0.07819693741284159+0.5659928504531531i
-454.99240634156985,-324.9945759582635,0.24466778860830948+0.594783948434516i,-0.09122970422783408-0.7419132034200262i,-0.210054477234648-0.6319726449250874i,0.12584302388883253+0.7047245223266546i
-389.99349114991725,-389.99349114991634,0.24934589847017224+0.6553019935445192i,-0.13052147840328057-0.7652425332834311i,-0.2493458998516153-0.6553019674668961i,0.13052146887559693+0.7652425307263624i
-324.9945759582645,-454.9924063415693,0.2100544729751267+0.631972673946567i,-0.12584302669332184-0.7047245353980915i,-0.24466778817609341-0.594783926992099i,0.09122968874660428+0.7419132130524075i
-259.9956607666118,-519.9913215332222,0.1306928232572391+0.5266190133250475i,-0.07819693312058737-0.5659928715712887i,-0.1970223140601979-0.456052458481059i,0.011867446605024035+0.6365594573959099i
-519.9913215332226,-194.9967455749578,0.22111537418253657+0.49766460595285916i,-0.020201719535298257-0.6976153748989782i,-0.14086184313166933-0.5823952874839318i,0.10045525649227247+0.6128845558186204i
-454.99240634156985,-259.99566076661074,0.2883587231743193+0.6711883079954294i,-0.1166921924429015-0.8409899822503608i,-0.23735126470452309-0.7257698752476923i,0.16769965534465478+0.7864084996053791i
-389.99349114991713,-324.99457595826357,0.31495394564791146+0.7719698802890366i,-0.17680434875764425-0.9060272539822778i,-0.2974631022949365-0.790806968938859i,0.1942951794404492+0.8871900372128272i
-324.9945759582644,-389.99349114991645,0.29746310082843525+0.7908069997889514i,-0.19429518725217282-0.8871900474882386i,-0.3149539449409466-0.7719698529206656i,0.17680433482177946+0.9060272548551734i
-259.9956607666117,-454.9924063415694,0.23735126004934576+0.7257699078647369i,-0.16769965643059173-0.7864085189532541i,-0.2883587213544686-0.6711882857378307i,0.11669217332252269+0.8409899955096849i
-194.99674557495896,-519.9913215332223,0.1408618344289318+0.582395320221166i,-0.1004552506640922-0.6128845815168146i,-0.22111537224092787-0.49766459020887766i,0.02020169640772232+0.6976154008402452i
-519.9913215332225,-129.99783038330506,0.238816093228008+0.5280655940044732i,-0.026408461337322914-0.7422699742896566i,-0.14633073257696863-0.6247727218471241i,0.11889380839545069+0.6455627460618587i
-454.9924063415698,-194.9967455749579,0.3236627522695824+0.7324484633228199i,-0.13741303480762684-0.9205124581156755i,-0.2573343001541395-0.8030151159427859i,0.20374150055684187+0.8499458428694681i
-389.99349114991696,-259.99566076661074,0.37130768302926564+0.8711809222728425i,-0.2167739160065971-1.0258671559951353i,-0.3366945990916489-0.9083696844432412i,0.25138698247127156+0.9886783307457433i
-324.9945759582643,-324.9945759582637,0.37598751890323856+0.9316971514165344i,-0.2560669943044312-1.049194643415384i,-0.3759875178151173-0.9316971191177023i,0.2560669819611071+1.0491946358171655i
-259.9956607666116,-389.99349114991657,0.3366945977016535+0.9083697189831953i,-0.2513869886258508-0.9886783481723913i,-0.3713076805032604-0.8711808939049605i,0.21677389826855822+1.0258671599018923i
-194.996745574959,-454.9924063415695,0.2573342953303785+0.8030151510659701i,-0.20374150009096945-0.8499458677379276i,-0.3236627493163917-0.7324484404592029i,0.1374130127414498+0.9205124743438706i
-129.9978303833063,-519.9913215332224,0.14633072355294421+0.6247727560749818i,-0.11889380130289612-0.645562775495658i,-0.2388160907202312-0.5280655779642285i,0.02640843617408628+0.7422700027300165i
-519.9913215332225,-64.9989151916521,0.24963656252214705+0.5465802370890384i,-0.030235834155100783-0.7694846729340379i,-0.14687093738734985-0.6527645536617126i,0.13300146656153056+0.6633002069062597i
-454.9924063415698,-129.99783038330506,0.349600738743439+0.777204232013534i,-0.15271500776605718-0.9786553387756296i,-0.26934873033813944-0.8619351770889334i,0.23296702031053695+0.8939244854749598i
-389.9934911499169,-194.99674557495788,0.41684532408200015+0.9507282225991337i,-0.2492045014412282-1.122030183795892i,-0.36583776396434264-1.0053097849578825i,0.3002120479629786+1.067448481340728i
-324.99457595826425,-259.9956607666108,0.4434405070392668+1.0515087029267023i,-0.30931764080075663-1.1870662800773208i,-0.42595044117977415-1.0703459148919823i,0.3268076936727395+1.1682291216042993i
-259.9956607666116,-324.99457595826374,0.42595044277473987+1.0703459509385413i,-0.3268077044225607-1.168229137108022i,-0.4434405037266658-1.0515086695143094i,0.3093176245427269+1.1870662748906582i
-194.99674557495885,-389.9934911499166,0.36583776283323255+1.0053098219682366i,-0.3002120525610033-1.0674485051273828i,-0.4168453200706068-0.9507281934915583i,0.24920448062129238+1.1220301902088452i
-129.99783038330614,-454.99240634156934,0.26934872559325324+0.8619352135379753i,-0.23296701849557724-0.8939245149411702i,-0.3496007349513346-0.7772042087324563i,0.1527149835327963+0.9786553572053458i
-64.99891519165342,-519.9913215332224,0.14687092835900967+0.652764588306836i,-0.1330014585034066-0.6633002391236404i,-0.2496365596665048-0.5465802208754826i,0.030235807747414578+0.7694847029065152i
-519.9913215332224,6.79433023827031E-13,0.2532764703031974+0.5527978510060806i,-0.03152893139655866-0.778627178780398i,-0.14240269410596026-0.6657124603298481i,0.14240269410595705+0.6657124603298517i
-454.99240634156956,-64.99891519165217,0.3654566360435481+0.8044612261411909i,-0.1620999816965476-1.014083342659229i,-0.27297252424782353-0.9011685532515311i,0.25458410928618774+0.9173760638240163i
-389.9934911499169,-129.99783038330511,0.45030311533010076+1.008844876940729i,-0.27310323660777386-1.1923266265844663i,-0.38397510580897515-1.0794116272954812i,0.339431222957467+1.1217597902916674i
-324.9945759582642,-194.99674557495808,0.4979497802370516+1.1475750790702839i,-0.3524657590782289-1.297678961947966i,-0.4633371210002814-1.1847639042713558i,0.3870784074017191+1.260490113551477i
-259.9956607666115,-259.9956607666109,0.502628666701355+1.2080926347047378i,-0.39175744284974057-1.3210076874362626i,-0.5026286625081233-1.2080925975130292i,0.3917574281248758+1.3210076737175376i
-194.99674557495874,-324.99457595826374,0.46333712324286097+1.1847639427352825i,-0.3870784165978226-1.2604901361429741i,-0.497949775108411-1.147575044839516i,0.3524657396435142+1.297678958779758i
-129.99783038330608,-389.9934911499166,0.38397510513390815+1.079411665458318i,-0.3394312261353816-1.1217598194508671i,-0.45030311021929037-1.008844847325617i,0.27310321351848466+1.1923266348677903i
-64.99891519165334,-454.99240634156956,0.2729725198422871+0.9011685897929749i,-0.2545841063529754-0.9173760968297141i,-0.36545663173606857-0.8044612026163074i,0.16209995613754208+1.014083362442929i
-7.486941567973439E-13,-519.9913215332225,0.14240268539955458+0.6657124942999239i,-0.1424026853995534-0.6657124942999242i,-0.2532764673303145-0.5527978347353502i,0.03152890457017482+0.7786272092689953i
-519.9913215332224,64.99891519165348,0.24963656252214417+0.5465802370890375i,-0.03023583415510034-0.7694846729340363i,-0.13300146656152836-0.6633002069062569i,0.14687093738734858+0.6527645536617139i
-454.9924063415696,6.352214758241803E-13,0.3707906266396123+0.8136147615182282i,-0.1652624430976898-1.0259838827575214i,-0.26802653693067646-0.9197993691837417i,0.26802653693068496+0.919799369183738i
-389.9934911499169,-64.99891519165227,0.4707560895067858+1.0442390655463232i,-0.28774064850776565-1.2351548093337836i,-0.3905043088426383-1.128970030641618i,0.3679924144498515+1.150423697004617i
-324.99457595826414,-129.99783038330514,0.5380009378229276+1.2177613237578033i,-0.3842314167027019-1.3785278441234632i,-0.48699429791804416-1.2723430652295007i,0.43523804004737+1.3239461519211004i
-259.9956607666114,-194.99674557495823,0.5645969572577149+1.3185419605830773i,-0.44434385202788196-1.4435640261361238i,-0.5471065695174817-1.3373790972411281i,0.46183421844703165+1.4247267411672166i
-194.99674557495868,-259.995660766611,0.5471065746954175+1.337379136790493i,-0.4618342316253583-1.4247267625811983i,-0.5645969509438818-1.3185419225589041i,0.4443438340741446+1.4435640139427832i
-129.997830383306,-324.99457595826374,0.4869943009585986+1.2723431046757616i,-0.43523804776511626-1.3239461805609016i,-0.5380009313503454-1.21776128896887i,0.3842313949268711+1.378527842475262i
-64.99891519165324,-389.99349114991685,0.3905043088290514+1.1289700685839632i,-0.36799241637277036-1.1504237303882539i,-0.47075608372065053-1.0442390356356197i,0.287740624029309+1.235154818772204i
-6.584900415205555E-13,-454.99240634156956,0.26802653313009045+0.9197994045690082i,-0.2680265331300904-0.9197994045690018i,-0.3707906221583957-0.8136147379130061i,0.16526241709246917+1.0259839029980087i
64.99891519165213,-519.9913215332225,0.13300145850341344+0.6633002391236348i,-0.1468709283590109-0.6527645883068353i,-0.2496365596665092-0.5465802208754762i,0.030235807747415577+0.769484702906511i
-519.9913215332224,129.99783038330628,0.2388160932279964+0.5280655940044576i,-0.02640846133731778-0.7422699742896449i,-0.11889380839544342-0.6455627460618442i,0.14633073257696694+0.6247727218471131i
-454.9924063415695,64.99891519165334,0.3654566360435461+0.8044612261411992i,-0.16209998169654968-1.0140833426592226i,-0.25458410928618413-0.9173760638240142i,0.27297252424782575+0.90116855325153i
-389.99349114991674,4.4668334337846816E-13,0.47763674337432266+1.0561253174425937i,-0.29266972652751566-1.2495402646867748i,-0.38515322242338235-1.1528327441415769i,0.38515322242337124+1.1528327441415838i
-324.99457595826397,-64.99891519165229,0.5624849690543151+1.2605064660257197i,-0.40367479675946766-1.427780903018814i,-0.4961576179730501-1.3310733281506222i,0.4700021374737719+1.3572140253121945i
-259.99566076661137,-129.99783038330523,0.6101310144431447+1.3992376739945882i,-0.4830360311686738-1.5331342070370326i,-0.57551854800332-1.4364265354213923i,0.5176484709554947+1.4959452709989671i
-194.99674557495862,-194.99674557495823,0.6148113317678291+1.459753653953084i,-0.5223289609937803-1.5564613071595839i,-0.6148113241950421-1.4597536136282254i,0.5223289445778018+1.5564612867911234i
-129.99783038330594,-259.9956607666111,0.5755185542750297+1.4364265757971695i,-0.5176484826091443-1.4959452990280815i,-0.6101310065602851-1.3992376354078184i,0.4830360108336238+1.5331341960084068i
-64.99891519165318,-324.994575958264,0.49615762196588314+1.3310733670878137i,-0.4700021438175914-1.357214058778074i,-0.5624849617563032-1.260506430913111i,0.40367477354979564+1.4277809023147847i
-4.871022224946575E-13,-389.99349114991674,0.3851532232778574+1.1528327804791962i,-0.3851532232778603-1.1528327804791971i,-0.47763673736051315-1.0561252874346538i,0.2926697015813595+1.2495402745156172i
64.99891519165215,-454.9924063415696,0.2545841063529658+0.9173760968297127i,-0.27297251984230064-0.9011685897929719i,-0.36545663173607656-0.8044612026162987i,0.16209995613754113+1.014083362442932i
129.997830383305,-519.9913215332226,0.11889380130289728+0.6455627754956513i,-0.14633072355294707-0.6247727560749851i,-0.2388160907202332-0.5280655779642197i,0.02640843617408256+0.7422700027300173i
-519.9913215332222,194.996745574959,0.2211153741825381+0.4976646059528472i,-0.020201719535298868-0.6976153748989631i,-0.10045525649227763-0.6128845558186093i,0.140861843131667+0.5823952874839172i
-454.9924063415694,129.9978303833062,0.34960073874343545+0.7772042320135252i,-0.15271500776605385-0.9786553387756038i,-0.2329670203105233-0.8939244854749433i,0.2693487303381406+0.8619351770889203i
-389.9934911499167,64.99891519165328,0.4707560895067801+1.0442390655463174i,-0.28774064850776265-1.235154809333765i,-0.3679924144498479-1.150423697004609i,0.3905043088426361+1.1289700306416142i
-324.99457595826397,3.6639014926490205E-13,0.5707219158091031+1.2748614213987464i,-0.4102202291890279-1.4443237107493836i,-0.490471063598579-1.3595925900063537i,0.4904710635985798+1.3595925900063555i
-259.99566076661125,-64.99891519165243,0.6379676388822905+1.4483838364213073i,-0.5067103285079068-1.5876968301866559i,-0.586960996774345-1.5029655387101455i,0.557716947294658+1.5331149757456828i
-194.99674557495857,-129.99783038330534,0.6645636521993563+1.5491637783568175i,-0.5668233608515162-1.6527322736368115i,-0.6470737164967244-1.568001030623402i,0.5843132699720943+1.63389504724009i
-129.99783038330585,-194.99674557495834,0.647073725403594+1.5680010716426214i,-0.5843132848282319-1.6338950746732392i,-0.6645636428549975-1.5491637375159533i,0.5668233420462732+1.6527322540863296i
-64.99891519165307,-259.9956607666112,0.5869610042490673+1.5029655783239078i,-0.5577169574748029-1.5331150091084749i,-0.6379676300359045-1.4483837975106133i,0.5067103067137136+1.5876968198878694i
-4.2395934180090557E-13,-324.994575958264,0.49047106869548773+1.3595926269354843i,-0.4904710686954959-1.3595926269354788i,-0.5707219082328123-1.2748613861798965i,0.410220205496478+1.4443237103653161i
64.99891519165226,-389.99349114991696,0.3679924163727739+1.1504237303882525i,-0.3905043088290475-1.1289700685839719i,-0.47075608372064137-1.0442390356356224i,0.28774062402930944+1.2351548187722092i
129.9978303833051,-454.9924063415696,0.2329670184955869+0.8939245149411704i,-0.26934872559325496-0.861935213537969i,-0.34960073495133515-0.7772042087324529i,0.15271498353280036+0.9786553572053495i
194.99674557495788,-519.9913215332226,0.100455250664092+0.6128845815168105i,-0.14086183442893174-0.5823953202211649i,-0.22111537224092948-0.49766459020887105i,0.020201696407721487+0.6976154008402484i
-519.9913215332222,259.99566076661176,0.1970223152369467+0.4560524737960659i,-0.01186746696238608-0.636559434841199i,-0.07819693741284586-0.5659928504531508i,0.13069283133968773+0.526618983101216i
-454.9924063415694,194.99674557495896,0.3236627522695844+0.7324484633228149i,-0.1374130348076338-0.9205124581156483i,-0.2037415005568495-0.8499458428694561i,0.25733430015414027+0.8030151159427651i
-389.9934911499166,129.99783038330617,0.4503031153300974+1.008844876940691i,-0.2731032366077637-1.1923266265844332i,-0.3394312229574539-1.1217597902916365i,0.3839751058089602+1.079411627295456i
-324.9945759582639,64.99891519165315,0.5624849690543151+1.260506466025713i,-0.4036747967594655-1.4277809030188073i,-0.4700021374737625-1.3572140253121945i,0.49615761797306324+1.3310733281506268i
-259.99566076661125,3.5826024737276676E-13,0.6473326856101139+1.464888515739714i,-0.5146786158434259-1.6060224216350136i,-0.5810056360682783-1.5354554273505578i,0.5810056360682635+1.5354554273505583i
-194.99674557495854,-64.99891519165257,0.6949801969663618+1.6036179650370512i,-0.59404123503377-1.7113738915166732i,-0.6603679697149897-1.6408068686700286i,0.628653438044278+1.6741849333411298i
-129.99783038330577,-129.9978303833054,0.6996595731505392+1.6641351680963448i,-0.6333328736754877-1.7347021742758029i,-0.699659562294896-1.6641351266613587i,0.6333328564547208+1.7347021473348239i
-64.998915191653,-194.9967455749583,0.6603679800280352+1.6408069087196784i,-0.6286534513480388-1.6741849665123658i,-0.6949801865342919-1.6036179239025774i,0.594041214763915+1.7113738724864322i
-3.788572841625114E-13,-259.9956607666112,0.581005644849584+1.5354554646095209i,-0.5810056448496004-1.535455464609521i,-0.6473326764388867-1.4648884767230785i,0.5146785935577078+1.6060224115845092i
64.99891519165239,-324.994575958264,0.47000214381758904+1.3572140587780697i,-0.4961576219658744-1.3310733670878154i,-0.5624849617563115-1.260506430913101i,0.40367477354978487+1.4277809023147894i
129.99783038330511,-389.9934911499169,0.3394312261353908+1.1217598194508611i,-0.3839751051338892-1.079411665458328i,-0.4503031102192761-1.0088448473256246i,0.27310321351848355+1.1923266348677868i
194.99674557495788,-454.9924063415697,0.20374150009097416+0.8499458677379222i,-0.2573342953303835-0.8030151510659784i,-0.32366274931639283-0.7324484404592007i,0.13741301274146245+0.9205124743438772i
259.9956607666106,-519.9913215332226,0.07819693312059192+0.5659928715712912i,-0.1306928232572402-0.5266190133250492i,-0.19702231406019946-0.4560524584810576i,0.011867446605025395+0.6365594573959165i
-519.9913215332222,324.9945759582647,0.16720511034191918+0.4041529090112962i,-0.0017470167353337562-0.5605216169487052i,-0.05275583795584951-0.5059401345861149i,0.1161962913146589+0.4587342772907043i
-454.9924063415693,259.9956607666117,0.2883587231743233+0.6711883079954625i,-0.11669219244292028-0.8409899822503446i,-0.16769965534466666-0.786408499605387i,0.23735126470453238+0.7257698752476903i
-389.9934911499166,194.99674557495896,0.416845324082007+0.9507282225990936i,-0.2492045014412251-1.1220301837958537i,-0.30021204796298323-1.0674484813407081i,0.3658377639643352+1.0053097849578416i
-324.99457595826385,129.99783038330605,0.5380009378229174+1.217761323757796i,-0.3842314167026949-1.3785278441234476i,-0.43523804004735317-1.3239461519210798i,0.48699429791805066+1.272343065229484i
-259.9956607666111,64.99891519165308,0.6379676388822954+1.4483838364212949i,-0.5067103285079018-1.5876968301866368i,-0.5577169472946617-1.5331149757456737i,0.5869609967743388+1.5029655387101193i
-194.99674557495837,3.14048699369916E-13,0.7052134599142976+1.6219053478952956i,-0.6032011214269812-1.7310690034441016i,-0.6542072764390315-1.6764871867585327i,0.6542072764390374+1.67648718675854i
-129.99783038330568,-64.99891519165266,0.7318099633500422+1.7226853997195677i,-0.6633137392856235-1.7961045022928859i,-0.7143198848920251-1.7415225733223716i,0.6808037900732223+1.777267171842198i
-64.9989151916529,-129.99783038330548,0.7143198973034403+1.7415226136335795i,-0.6808038056845089-1.7772672048154319i,-0.7318099512980872-1.7226853580535735i,0.6633137206148533+1.7961044756747917i
-2.5257152277500757E-13,-194.99674557495845,0.6542072882221512+1.6764872241729705i,-0.6542072882221537-1.6764872241729627i,-0.7052134491155467-1.621905306665357i,0.6032011006636885+1.731068984591973i
64.9989151916525,-259.99566076661137,0.5577169574748118+1.5331150091084682i,-0.5869610042490643-1.5029655783239215i,-0.6379676300358903-1.4483837975106166i,0.5067103067137219+1.58769681988788i
129.9978303833052,-324.99457595826414,0.4352380477651178+1.323946180560911i,-0.4869943009585979-1.2723431046757625i,-0.538000931350336-1.217761288968872i,0.38423139492687763+1.3785278424752856i
194.996745574958,-389.9934911499172,0.300212052560993+1.067448505127379i,-0.36583776283324065-1.005309821968256i,-0.41684532007059844-0.9507281934915636i,0.24920448062129347+1.1220301902088456i
259.9956607666107,-454.99240634157,0.16769965643060145+0.7864085189532644i,-0.23735126004934295-0.7257699078647469i,-0.2883587213544724-0.6711882857378332i,0.1166921733225304+0.840989995509697i
324.9945759582634,-519.9913215332227,0.05275583543512949+0.5059401504142288i,-0.11619628412539215-0.458734304060225i,-0.1672051101014769-0.40415289427170886i,0.0017469998055528457+0.5605216353377771i
-519.9913215332219,389.9934911499175,0.13248792087155725+0.34311954942892925i,0.009741188829912262-0.47127131319431065i,-0.02487272290172876-0.43408264704381827i,0.09787399773426453+0.38030817805356093i
-454.99240634156934,324.9945759582645,0.244667788608301+0.5947839484345022i,-0.09122970422783716-0.7419132034200104i,-0.1258430238888241-0.704724522326645i,0.21005447723464907+0.6319726449250737i
-389.99349114991645,259.99566076661165,0.37130768302925554+0.8711809222728657i,-0.21677391600660303-1.0258671559951218i,-0.25138698247127067-0.9886783307457364i,0.3366945990916405+0.9083696844432332i
-324.99457595826374,194.99674557495882,0.49794978023705544+1.1475750790702566i,-0.3524657590782166-1.2976789619479465i,-0.3870784074017163-1.260490113551456i,0.463337121000283+1.1847639042713387i
-259.995660766611,129.99783038330588,0.6101310144431513+1.3992376739945418i,-0.48303603116866806-1.5331342070369995i,-0.517648470955496-1.495945270998927i,0.5755185480033183+1.4364265354213641i
-194.9967455749583,64.99891519165297,0.6949801969663532+1.6036179650370421i,-0.5940412350337541-1.7113738915166787i,-0.6286534380442432-1.6741849333411252i,0.6603679697150159+1.6408068686700223i
-129.9978303833056,1.6159221303491917E-13,0.7426268654688112+1.7423485093162405i,-0.6734026182528368-1.8167264255904396i,-0.7080147263175937-1.7795374290672465i,0.7080147263175899+1.7795374290672539i
-64.99891519165276,-64.99891519165269,0.7473074836459324+1.802864380862184i,-0.7126954214677325-1.8400533455533827i,-0.7473074699466546-1.8028643404148856i,0.71269540444102+1.8400533127244496i
-1.4432658444286147E-13,-129.99783038330568,0.7080147403191445+1.779537466537174i,-0.7080147403191596-1.77953746653715i,-0.7426268530135952-1.7423484675760434i,0.6734025990934299+1.8167263990843547i
64.99891519165247,-194.9967455749586,0.6286534513480544+1.6741849665123394i,-0.6603679800280218-1.6408069087196573i,-0.6949801865343134-1.6036179239025532i,0.5940412147639136+1.7113738724864063i
129.9978303833052,-259.99566076661137,0.5176484826091519+1.4959452990281001i,-0.5755185542750167-1.4364265757972021i,-0.6101310065602736-1.3992376354078502i,0.4830360108336281+1.5331341960084364i
194.99674557495803,-324.994575958264,0.38707841659781106+1.26049013614299i,-0.4633371232428627-1.184763942735305i,-0.4979497751084154-1.1475750448395083i,0.35246573964351+1.2976789587797912i
259.99566076661074,-389.99349114991696,0.2513869886258534+0.9886783481724047i,-0.3366945977016562-0.9083697189832172i,-0.3713076805032641-0.8711808939049642i,0.21677389826856142+1.0258671599019071i
324.9945759582635,-454.9924063415701,0.12584302669332423+0.7047245353980985i,-0.21005447297512939-0.6319726739465779i,-0.24466778817608936-0.5947839269921058i,0.09122968874660711+0.7419132130524222i
389.9934911499163,-519.9913215332227,0.024872722344734532+0.4340826570282942i,-0.09787399167764518-0.38030820053722014i,-0.13248792170572402-0.3431195354262939i,-0.009741201770645497+0.4712713267717722i
-519.9913215332219,454.9924063415702,0.09383588780070377+0.27430856177328244i,0.022114708854017062-0.3708851286683543i,0.004623333921810968-0.3520480017197672i,0.07634450589344328+0.2931456086748803i
-454.99240634156905,389.99349114991725,0.19379917646053416+0.504934251558178i,-0.06186018167345034-0.625558709676089i,-0.07935047948131294-0.6067216444559131i,0.17630888390283095+0.5237713880866262i
-389.99349114991645,324.9945759582644,0.31495394564790236+0.7719698802890071i,-0.17680434875762208-0.9060272539822495i,-0.19429517944043365-0.8871900372128035i,0.2974631022949241+0.7908069689388264i
-324.9945759582637,259.9956607666116,0.44344050703926935+1.0515087029267531i,-0.3093176408007362-1.1870662800773215i,-0.3268076936727493-1.1682291216043248i,0.42595044117977277+1.0703459148919936i
-259.99566076661097,194.9967455749587,0.5645969572577211+1.3185419605830264i,-0.4443438520278909-1.4435640261360867i,-0.46183421844704486-1.4247267411671747i,0.5471065695174805+1.337379097241073i
-194.99674557495823,129.99783038330585,0.6645636521993377+1.549163778356811i,-0.5668233608515041-1.6527322736368053i,-0.5843132699720791-1.6338950472400793i,0.647073716496736+1.5680010306234125i
-129.99783038330548,64.99891519165287,0.7318099633500355+1.722685399719546i,-0.6633137392856127-1.7961045022928832i,-0.6808037900732155-1.777267171842205i,0.7143198848920318+1.74152257332234i
-64.99891519165274,4.521737281063774E-14,0.758406430881514+1.8234651658731826i,-0.7234265969884434-1.8611396970668976i,-0.7409164973028752-1.8423024367062488i,0.7409164973028598+1.8423024367062704i
-7.216329222143074E-14,-64.99891519165277,0.7409165126655857+1.8423024741862197i,-0.7409165126656106-1.8423024741861938i,-0.7584064167481562-1.8234651253837195i,0.723426579484677+1.861139664290068i
64.99891519165266,-129.99783038330574,0.6808038056845338+1.7772672048154252i,-0.7143198973034275-1.7415226136335906i,-0.7318099512981002-1.7226853580535852i,0.6633137206148536+1.796104475674789i
129.99783038330537,-194.9967455749586,0.58431328482825+1.6338950746732388i,-0.6470737254035979-1.5680010716426303i,-0.6645636428550066-1.5491637375159693i,0.5668233420462727+1.652732254086346i
194.9967455749582,-259.9956607666115,0.46183423162535653+1.4247267625812197i,-0.5471065746954135-1.3373791367905086i,-0.5645969509438914-1.3185419225589268i,0.44434383407414874+1.4435640139427903i
259.9956607666109,-324.9945759582645,0.32680770442255225+1.1682291371080165i,-0.4259504427747424-1.070345950938544i,-0.44344050372667543-1.051508669514294i,0.30931762454274203+1.1870662748906735i
324.9945759582636,-389.9934911499172,0.19429518725218015+0.8871900474882453i,-0.29746310082843697-0.7908069997889638i,-0.3149539449409449-0.7719698529206778i,0.17680433482179317+0.9060272548551895i
389.99349114991634,-454.99240634157,0.07935048412835125+0.6067216506871314i,-0.17630888023904523-0.523771412547267i,-0.19379917762111717-0.504934231163209i,0.06186017041880898+0.6255587151569925i
454.9924063415691,-519.9913215332227,-0.004623332373437483+0.3520480054820825i,-0.07634450116909067-0.2931456261759959i,-0.09383588980854715-0.274308548686253i,-0.022114717356210706+0.3708851369429841i
-519.9913215332219,519.9913215332227,0.05232094967856395+0.1992518214505451i,0.034844307480831324-0.26170144083009317i,0.03484431122030161-0.26170144348119084i,0.05232095291614355+0.19925180947377005i
-454.9924063415691,454.99240634157013,0.13716717544586182+0.40363624406936516i,-0.029551994563374928-0.49459948658974684i,-0.029551987999103885-0.4945994875493038i,0.1371671783465555+0.4036362249799618i
-389.9934911499164,389.99349114991736,0.24934589847015481+0.655301993544505i,-0.13052147840327813-0.7652425332834164i,-0.13052146887558494-0.7652425307263461i,0.249345899851604+0.6553019674668772i
-324.9945759582636,324.9945759582643,0.3759875189032283+0.9316971514165153i,-0.25606699430442215-1.0491946434153712i,-0.25606698196110333-1.0491946358171547i,0.3759875178151071+0.9316971191176744i
-259.9956607666109,259.9956607666115,0.5026286667013741+1.2080926347046705i,-0.39175744284969904-1.3210076874362413i,-0.39175742812489667-1.3210076737175105i,0.5026286625081292+1.2080925975130092i
-194.9967455749582,194.99674557495862,0.6148113317678192+1.459753653953055i,-0.5223289609937839-1.5564613071595679i,-0.5223289445777892-1.5564612867911019i,0.6148113241950397+1.4597536136282094i
-129.9978303833054,129.99783038330574,0.6996595731505314+1.6641351680963057i,-0.6333328736754914-1.7347021742757391i,-0.6333328564547189-1.7347021473347808i,0.6996595622948903+1.6641351266613233i
-64.99891519165266,64.99891519165277,0.747307483645923+1.8028643808621525i,-0.7126954214677269-1.840053345553374i,-0.7126954044410018-1.8400533127244518i,0.7473074699466697+1.8028643404148599i
1.8040823055357684E-14,-1.7034998247570642E-14,0.7519870368280095+1.8633814597009797i,-0.7519870368280337-1.8633814597009855i,-0.7519870210064984-1.8633814222212772i,0.751987021006511+1.8633814222213068i
64.9989151916527,-64.99891519165287,0.7126954214677352+1.8400533455533483i,-0.7473074836459264-1.8028643808621707i,-0.7473074699466676-1.8028643404148903i,0.7126954044410191+1.840053312724427i
129.99783038330543,-129.99783038330582,0.6333328736755216+1.7347021742758226i,-0.6996595731505605-1.664135168096361i,-0.6996595622949218-1.6641351266613773i,0.6333328564547411+1.7347021473348474i
194.99674557495817,-194.99674557495868,0.5223289609937716+1.5564613071596023i,-0.6148113317678314-1.4597536539530747i,-0.6148113241950529-1.4597536136282292i,0.522328944577791+1.556461286791136i
259.99566076661097,-259.99566076661154,0.39175744284972613+1.3210076874362724i,-0.5026286667013986-1.2080926347047038i,-0.5026286625081465-1.2080925975130383i,0.3917574281249122+1.3210076737175418i
324.99457595826385,-324.99457595826425,0.2560669943044275+1.0491946434153945i,-0.3759875189032332-0.9316971514165485i,-0.37598751781511436-0.9316971191176942i,0.25606698196111255+1.0491946358171975i
389.9934911499164,-389.9934911499172,0.13052147840328468+0.7652425332834422i,-0.24934589847017363-0.6553019935445238i,-0.2493458998516146-0.6553019674669022i,0.13052146887560065+0.7652425307263678i
454.9924063415692,-454.99240634157013,0.029551994563378203+0.49459948658976494i,-0.13716717544585988-0.403636244069388i,-0.1371671783465554-0.40363622497997503i,0.029551987999102636+0.49459948754933125i
519.9913215332218,-519.9913215332228,-0.03484430748082995+0.2617014408301021i,-0.05232094967856751-0.19925182145055492i,-0.05232095291614949-0.19925180947377824i,-0.034844311220301405+0.2617014434812028i
-519.9913215332219,584.9902367248746,0.009102472970214479+0.11961945199911679i,0.04737111505051926-0.14626363759216415i,0.06486179119971178-0.16510054793028806i,0.02659313647448152+0.1007824811399168i
-454.99240634156905,519.9913215332227,0.07634450116908109+0.29314562617598516i,0.004623332373441397-0.3520480054820712i,0.02211471735621154-0.3708851369429687i,0.09383588980853762+0.27430854868624716i
-389.99349114991634,454.99240634157013,0.17630888023904603+0.5237714125472394i,-0.07935048412834589-0.6067216506871022i,-0.061860170418806426-0.6255587151569635i,0.19379917762111593+0.5049342311631846i
-324.9945759582635,389.99349114991713,0.2974631008284158+0.790806999788954i,-0.19429518725216102-0.8871900474882243i,-0.17680433482177443-0.9060272548551658i,0.3149539449409373+0.771969852920661i
-259.99566076661074,324.99457595826425,0.4259504427747275+1.0703459509385098i,-0.3268077044225294-1.168229137107976i,-0.3093176245427354-1.1870662748906304i,0.44344050372665+1.051508669514256i
-194.99674557495808,259.99566076661137,0.5471065746953923+1.3373791367905008i,-0.4618342316253492-1.4247267625812083i,-0.4443438340741255-1.443564013942776i,0.5645969509438659+1.3185419225589208i
-129.9978303833053,194.9967455749586,0.6470737254035783+1.568001071642573i,-0.5843132848282421-1.6338950746731766i,-0.5668233420462728-1.6527322540862823i,0.664563642854991+1.5491637375159075i
-64.99891519165257,129.99783038330565,0.7143198973034187+1.7415226136335427i,-0.6808038056844763-1.77726720481541i,-0.6633137206148232-1.796104475674767i,0.7318099512980806+1.7226853580535622i
1.2628576138750378E-13,64.99891519165274,0.7409165126655824+1.8423024741861944i,-0.7409165126655912-1.8423024741862093i,-0.7234265794846877-1.8611396642900848i,0.7584064167481469+1.8234651253837055i
64.99891519165283,-1.153690154164944E-13,0.7234265969884427+1.8611396970668612i,-0.7584064308815218-1.8234651658731695i,-0.740916497302845-1.8423024367062417i,0.7409164973028788+1.8423024367062368i
129.9978303833055,-64.99891519165293,0.6633137392856383+1.7961045022929103i,-0.731809963350036-1.7226853997195894i,-0.7143198848920349-1.7415225733223885i,0.6808037900732311+1.7772671718422275i
194.99674557495823,-129.99783038330594,0.5668233608515213+1.6527322736368253i,-0.6645636521993433-1.5491637783568535i,-0.6470737164967431-1.568001030623446i,0.5843132699720913+1.6338950472401175i
259.99566076661097,-194.99674557495874,0.4443438520279027+1.443564026136112i,-0.5645969572577207-1.3185419605830737i,-0.5471065695175028-1.3373790972411068i,0.4618342184470395+1.4247267411672169i
324.9945759582639,-259.9956607666116,0.30931764080074176+1.1870662800773373i,-0.4434405070392685-1.0515087029267567i,-0.42595044117976966-1.0703459148920127i,0.3268076936727592+1.168229121604336i
389.99349114991645,-324.9945759582644,0.1768043487576355+0.9060272539822807i,-0.31495394564790996-0.771969880289033i,-0.29746310229493667-0.7908069689388539i,0.19429517944043923+0.887190037212838i
454.9924063415691,-389.99349114991725,0.06186018167345306+0.625558709676105i,-0.19379917646054765-0.5049342515581944i,-0.17630888390283875-0.5237713880866385i,0.07935047948131888+0.6067216444559342i
519.9913215332222,-454.9924063415703,-0.022114708854017756+0.3708851286683692i,-0.0938358878006986-0.2743085617732999i,-0.07634450589344029-0.2931456086748958i,-0.004623333921811218+0.35204800171978606i
584.9902367248746,-519.9913215332228,-0.06486178524406189+0.16510053887018067i,-0.02659313482900921-0.10078248722232432i,-0.009102477446729908-0.11961944134278607i,-0.04737111383833207+0.14626363448140173i
-454.992406341569,584.9902367248746,0.013029755193651973+0.1759218302070643i,0.0395221576049721-0.20118314039172092i,0.07413625772198672-0.2383715984610012i,0.04764381294162977+0.138733333557934i
-389.9934911499163,519.9913215332226,0.09787399167763922+0.38030820053720704i,-0.024872722344730452-0.4340826570282777i,0.009741201770648633-0.4712713267717551i,0.13248792170571075+0.34311953542628243i
-324.99457595826345,454.99240634157,0.21005447297512597+0.6319726739465422i,-0.12584302669331018-0.7047245353980699i,-0.09122968874659859-0.7419132130523844i,0.24466778817608684+0.5947839269920808i
-259.99566076661074,389.99349114991713,0.3366945977016459+0.9083697189831703i,-0.25138698862582015-0.9886783481723801i,-0.2167738982685507-1.0258671599018743i,0.3713076805032472+0.8711808939049432i
-194.99674557495808,324.9945759582642,0.4633371232428299+1.1847639427352872i,-0.3870784165978095-1.2604901361429648i,-0.35246573964349237-1.2976789587797486i,0.49794977510839256+1.147575044839505i
-129.99783038330523,259.99566076661137,0.5755185542749933+1.4364265757971442i,-0.5176484826091191-1.4959452990280437i,-0.48303601083359604-1.5331341960083735i,0.6101310065602544+1.3992376354077933i
-64.99891519165249,194.99674557495848,0.6603679800280335+1.6408069087196138i,-0.6286534513480235-1.674184966512335i,-0.5940412147639109-1.7113738724863914i,0.6949801865342774+1.6036179239025348i
1.8040823055357686E-13,129.99783038330554,0.7080147403191299+1.7795374665371402i,-0.7080147403191239-1.7795374665371393i,-0.6734025990934112-1.816726399084333i,0.7426268530135895+1.7423484675760308i
64.99891519165284,64.99891519165266,0.7126954214677446+1.840053345553334i,-0.7473074836459065-1.8028643808621694i,-0.7126954044409852-1.8400533127244456i,0.7473074699466696+1.8028643404148552i
129.99783038330563,-2.1370303258541822E-13,0.6734026182528412+1.8167264255904576i,-0.7426268654688201-1.7423485093162514i,-0.7080147263176085-1.7795374290672703i,0.7080147263176069+1.779537429067262i
194.99674557495845,-64.99891519165294,0.5940412350337788+1.7113738915167012i,-0.6949801969663677-1.603617965037055i,-0.660367969715028-1.640806868670056i,0.6286534380442739+1.6741849333411407i
259.9956607666111,-129.997830383306,0.48303603116868976+1.5331342070370224i,-0.6101310144431363-1.3992376739945875i,-0.5755185480033125-1.436426535421395i,0.5176484709555005+1.4959452709989631i
324.99457595826374,-194.99674557495888,0.3524657590782165+1.2976789619479776i,-0.4979497802370442-1.1475750790702852i,-0.4633371210002789-1.1847639042713671i,0.38707840740170796+1.2604901135514894i
389.99349114991645,-259.99566076661165,0.21677391600661783+1.025867155995152i,-0.37130768302929057-0.871180922272886i,-0.3366945990916541-0.9083696844432616i,0.25138698247128666+0.988678330745763i
454.9924063415693,-324.99457595826453,0.09122970422783597+0.7419132034200313i,-0.24466778860830612-0.5947839484345218i,-0.2100544772346506-0.6319726449250839i,0.12584302388882623+0.7047245223266679i
519.991321533222,-389.99349114991753,-0.009741188829908709+0.471271313194325i,-0.13248792087156663-0.3431195494289404i,-0.09787399773427125-0.3803081780535736i,0.024872722901736283+0.43408264704383287i
584.9902367248746,-454.99240634157013,-0.07413624731949124+0.23837158298161415i,-0.047643811915309524-0.13873334021115102i,-0.013029761756105436-0.17592181460077805i,-0.039522153960987766+0.20118313188698447i
-389.99349114991617,584.9902367248746,0.016233201747625797+0.22810707281891998i,0.031217979865771572-0.2512652779491502i,0.08222655477648956-0.3058464391175416i,0.06724174906894825+0.1735257779039521i
-324.99457595826345,519.9913215332227,0.11619628412537976+0.45873430406020815i,-0.052755835435122744-0.5059401504142105i,-0.001746999805546684-0.5605216353377535i,0.16720511010146188+0.40415289427169804i
-259.9956607666106,454.99240634157,0.23735126004934637+0.725769907864707i,-0.16769965643058393-0.7864085189532325i,-0.11669217332252435-0.8409899955096595i,0.28835872135445995+0.671188285737807i
-194.99674557495794,389.9934911499169,0.365837762833206+1.0053098219682282i,-0.30021205256097117-1.067448505127382i,-0.2492044806212697-1.1220301902088305i,0.4168453200705764+0.9507281934915457i
-129.9978303833052,324.99457595826414,0.48699430095856633+1.2723431046757132i,-0.43523804776510716-1.3239461805608574i,-0.3842313949268525-1.378527842475231i,0.5380009313503269+1.2177612889688259i
-64.9989151916524,259.9956607666113,0.5869610042490455+1.5029655783239102i,-0.5577169574747862-1.533115009108462i,-0.5067103067136969-1.587696819887853i,0.6379676300358792+1.4483837975106075i
2.8865316888572295E-13,194.99674557495842,0.6542072882221487+1.6764872241729276i,-0.6542072882221565-1.676487224172922i,-0.6032011006637059-1.731068984591937i,0.7052134491155181+1.621905306665315i
64.99891519165284,129.99783038330546,0.6808038056844926+1.7772672048154086i,-0.7143198973034133-1.7415226136335433i,-0.6633137206148024-1.7961044756747653i,0.7318099512981046+1.722685358053541i
129.99783038330574,64.99891519165256,0.6633137392856543+1.79610450229288i,-0.7318099633500259-1.7226853997195883i,-0.6808037900732146-1.777267171842229i,0.7143198848920247+1.7415225733223585i
194.99674557495837,-3.300778728096998E-13,0.6032011214270058+1.731069003444118i,-0.7052134599143229-1.6219053478953165i,-0.6542072764390422-1.676487186758572i,0.6542072764390644+1.676487186758553i
259.9956607666112,-64.99891519165308,0.5067103285079264+1.5876968301866576i,-0.6379676388822919-1.448383836421301i,-0.5869609967743593-1.5029655387101373i,0.557716947294675+1.533114975745689i
324.9945759582637,-129.99783038330602,0.3842314167026936+1.3785278441234834i,-0.5380009378229136-1.217761323757836i,-0.48699429791803106-1.2723430652295205i,0.4352380400473636+1.3239461519211215i
389.9934911499167,-194.99674557495882,0.24920450144122394+1.1220301837958773i,-0.4168453240819986-0.9507282225991366i,-0.3658377639643421-1.005309784957868i,0.3002120479629752+1.0674484813407323i
454.9924063415693,-259.9956607666117,0.1166921924429147+0.8409899822503646i,-0.2883587231743293-0.6711883079954628i,-0.23735126470453274-0.7257698752477105i,0.1676996553446642+0.7864084996054029i
519.9913215332222,-324.99457595826476,0.0017470167353352273+0.5605216169487208i,-0.1672051103419269-0.4041529090113121i,-0.11619629131465874-0.45873427729072247i,0.0527558379558519+0.5059401345861331i
584.9902367248746,-389.9934911499174,-0.0822265402462176+0.3058464176541796i,-0.067241748633577-0.17352578502879012i,-0.016233210217425492-0.22810705270489923i,-0.031217973942028604+0.25126526430669255i
-324.99457595826334,584.9902367248746,0.018514600806194395+0.274951790078848i,0.022771668347629656-0.2953486291262435i,0.08910160653685592-0.3659148740788687i,0.0848444699030616+0.20438543901158548i
-259.9956607666106,519.9913215332227,0.1306928232572394+0.5266190133250328i,-0.07819693312058515-0.5659928715712685i,-0.011867446605024451-0.6365594573958901i,0.19702231406018952+0.45605245848104725i
-194.9967455749578,454.9924063415698,0.25733429533035634+0.8030151510659628i,-0.20374150009096192-0.8499458677379087i,-0.1374130127414407-0.920512474343848i,0.32366274931636674+0.7324484404591955i
-129.99783038330506,389.9934911499169,0.38397510513386846+1.0794116654582921i,-0.3394312261353681-1.1217598194508243i,-0.2731032135184452-1.192326634867754i,0.4503031102192706+1.0088448473255738i
-64.99891519165229,324.994575958264,0.4961576219658705+1.3310733670877946i,-0.4700021438175651-1.357214058778052i,-0.40367477354976516-1.4277809023147563i,0.5624849617563016+1.2605064309130922i
3.608164611071537E-13,259.9956607666113,0.5810056448495768+1.53545546460949i,-0.5810056448495787-1.5354554646094873i,-0.5146785935577023-1.6060224115844821i,0.647332676438872+1.4648884767230481i
64.99891519165301,194.99674557495834,0.6286534513480492+1.6741849665123265i,-0.6603679800280388-1.640806908719634i,-0.5940412147639177-1.711373872486405i,0.6949801865342969+1.6036179239025288i
129.99783038330574,129.99783038330537,0.6333328736755085+1.734702174275771i,-0.6996595731505264-1.6641351680963266i,-0.6333328564547255-1.7347021473347946i,0.6996595622949132+1.66413512666135i
194.99674557495857,64.99891519165253,0.5940412350337952+1.7113738915166847i,-0.6949801969663632-1.603617965037031i,-0.6286534380442722-1.6741849333411472i,0.660367969715013+1.6408068686700108i
259.99566076661137,-3.4722818622951383E-13,0.5146786158434383+1.6060224216350236i,-0.6473326856101164-1.4648885157397142i,-0.5810056360682552-1.5354554273505703i,0.581005636068277+1.5354554273505654i
324.99457595826397,-64.99891519165324,0.40367479675946694+1.4277809030188267i,-0.5624849690543207-1.2605064660257297i,-0.49615761797307134-1.3310733281506348i,0.4700021374737643+1.3572140253122131i
389.9934911499167,-129.9978303833062,0.2731032366077607+1.1923266265844692i,-0.4503031153300786-1.0088448769407536i,-0.3839751058089518-1.0794116272954948i,0.3394312229574551+1.121759790291679i
454.99240634156934,-194.99674557495902,0.13741303480762732+0.9205124581156738i,-0.32366275226958835-0.73244846332283i,-0.2573343001541418-0.8030151159427837i,0.2037415005568467+0.849945842869474i
519.991321533222,-259.9956607666119,0.011867466962390216+0.6365594348412137i,-0.19702231523695238-0.4560524737960758i,-0.1306928313396894-0.5266189831012315i,0.07819693741285397+0.5659928504531676i
584.9902367248746,-324.9945759582646,-0.08910158830840682+0.3659148472352553i,-0.08484447000890238-0.2043854465167032i,-0.018514610952259786-0.2749517660270812i,-0.02277166035352883+0.2953486107470506i
-259.9956607666105,584.9902367248746,0.01970844797095235+0.31535727036397243i,0.014487908644418027-0.3324139171070106i,0.09474163596183172-0.41714434878572026i,0.09996213037445072+0.23062665408511432i
-194.9967455749578,519.9913215332225,0.14086183442892003+0.5823953202211528i,-0.10045525066408265-0.6128845815168089i,-0.020201696407719516-0.6976154008402271i,0.2211153722409105+0.49766459020887255i
-129.9978303833051,454.9924063415697,0.26934872559324474+0.8619352135379368i,-0.23296701849556914-0.8939245149411339i,-0.15271498353278262-0.9786553572053079i,0.3496007349513266+0.7772042087324283i
-64.99891519165222,389.99349114991685,0.39050430882903575+1.128970068583959i,-0.36799241637274416-1.1504237303882499i,-0.287740624029277-1.2351548187721895i,0.4707560837206304+1.044239035635619i
4.329797533285844E-13,324.99457595826397,0.490471068695479+1.3595926269354224i,-0.4904710686954722-1.3595926269354377i,-0.4102202054964667-1.4443237103652709i,0.5707219082328002+1.2748613861798554i
64.99891519165313,259.99566076661114,0.557716957474781+1.533115009108465i,-0.5869610042490456-1.5029655783239197i,-0.5067103067136894-1.587696819887867i,0.6379676300358829+1.4483837975105973i
129.99783038330585,194.99674557495823,0.5843132848282541+1.633895074673193i,-0.6470737254036081-1.5680010716425856i,-0.566823342046295-1.6527322540863074i,0.6645636428550102+1.5491637375159082i
194.99674557495868,129.99783038330534,0.5668233608515054+1.652732273636807i,-0.6645636521993388-1.5491637783568017i,-0.5843132699720872-1.6338950472400753i,0.6470737164967321+1.568001030623421i
259.9956607666112,64.99891519165242,0.5067103285079296+1.5876968301866443i,-0.6379676388822936-1.4483838364212824i,-0.55771694729467-1.5331149757456795i,0.5869609967743528+1.5029655387101049i
324.99457595826397,-4.726234379814741E-13,0.41022022918904044+1.4443237107493947i,-0.5707219158091071-1.2748614213987757i,-0.49047106359857573-1.359592590006382i,0.49047106359859133+1.359592590006384i
389.9934911499167,-64.99891519165335,0.2877406485077675+1.2351548093337976i,-0.47075608950679343-1.0442390655463394i,-0.39050430884264686-1.1289700306416268i,0.36799241444984854+1.1504236970046355i
454.9924063415694,-129.9978303833062,0.15271500776605948+0.9786553387756426i,-0.3496007387434242-0.7772042320135556i,-0.26934873033813345-0.8619351770889482i,0.23296702031052513+0.8939244854749865i
519.9913215332222,-194.99674557495894,0.02020171953530525+0.6976153748989844i,-0.22111537418254457-0.4976646059528685i,-0.14086184313167527-0.5823952874839354i,0.10045525649227871+0.6128845558186279i
584.9902367248746,-259.9956607666119,-0.09474161456345251+0.4171443173171814i,-0.09996213095181068-0.2306266618877107i,-0.01970845951538995-0.31535724305664603i,-0.014487898840742572+0.3324138945254698i
-194.99674557495777,584.9902367248746,0.019691629286091694+0.3483733053067947i,0.0066487792522304245-0.36160671334581257i,0.09913487698061324-0.4583135443339738i,0.11217764088747588+0.25166631944762974i
-129.99783038330497,519.9913215332225,0.1463307235529392+0.6247727560749632i,-0.11889380130289148-0.6455627754956348i,-0.02640843617407529-0.74227000272999i,0.2388160907202287+0.5280655779642025i
-64.99891519165222,454.9924063415697,0.2729725198422848+0.9011685897929594i,-0.2545841063529563-0.917376096829698i,-0.1620999561375301-1.014083362442903i,0.3654566317360565+0.8044612026162944i
5.051430455500151E-13,389.99349114991674,0.3851532232778374+1.1528327804791603i,-0.3851532232778333-1.1528327804791607i,-0.29266970158133376-1.2495402745155904i,0.4776367373604905+1.0561252874346283i
64.99891519165315,324.99457595826397,0.4700021438175742+1.357214058778053i,-0.49615762196585844-1.3310733670877966i,-0.40367477354975856-1.4277809023147552i,0.5624849617562948+1.2605064309130827i
129.9978303833059,259.9956607666111,0.5176484826091258+1.4959452990280577i,-0.5755185542750004-1.4364265757971633i,-0.48303601083360415-1.5331341960083928i,0.6101310065602591+1.3992376354078093i
194.9967455749587,194.99674557495823,0.5223289609937882+1.5564613071595694i,-0.6148113317678409-1.4597536539530602i,-0.5223289445778014-1.5564612867911185i,0.6148113241950569+1.4597536136282054i
259.99566076661137,129.99783038330528,0.48303603116867844+1.5331342070370233i,-0.61013101444313-1.3992376739945485i,-0.5176484709554887-1.495945270998934i,0.5755185480033062+1.436426535421377i
324.994575958264,64.9989151916523,0.40367479675946905+1.4277809030188064i,-0.5624849690543084-1.2605064660257215i,-0.47000213747377484-1.3572140253122118i,0.49615761797305563+1.3310733281506137i
389.99349114991685,-4.987941629289671E-13,0.2926697265275102+1.2495402646867948i,-0.47763674337432854-1.0561253174426246i,-0.3851532224233694-1.1528327441415998i,0.38515322242337396+1.1528327441415998i
454.99240634156934,-64.99891519165337,0.1620999816965519+1.0140833426592322i,-0.3654566360435538-0.804461226141208i,-0.27297252424783586-0.9011685532515386i,0.25458410928618647+0.9173760638240385i
519.9913215332223,-129.99783038330636,0.026408461337326494+0.7422699742896709i,-0.2388160932280008-0.5280655940044913i,-0.14633073257697013-0.6247727218471336i,0.11889380839544952+0.6455627460618755i
584.9902367248746,-194.99674557495908,-0.09913485302496586+0.45831350912590163i,-0.11217764185013444-0.2516663274723271i,-0.019691641911314603-0.3483732755187934i,-0.006648767943453954+0.36160668721389044i
-129.99783038330486,584.9902367248746,0.01838570319616764+0.37322163479102377i,-4.908754846101315E-4-0.3822573230763366i,0.10227530907677984-0.488441376485772i,0.12115183018931253+0.2670373672097634i
-64.9989151916521,519.9913215332224,0.14687092835900153+0.6527645883068247i,-0.1330014585034029-0.6633002391236318i,-0.03023580774741297-0.7694847029064918i,0.24963655966649048+0.5465802208754797i
6.85551276103592E-13,454.99240634156956,0.2680265331300803+0.9197994045689616i,-0.2680265331300839-0.9197994045689647i,-0.16526241709246783-1.0259839029979592i,0.3707906221583896+0.813614737912963i
64.99891519165334,389.9934911499166,0.3679924163727476+1.1504237303882459i,-0.3905043088290285-1.128970068583964i,-0.2877406240292777-1.2351548187721875i,0.47075608372062827+1.0442390356356135i
129.99783038330605,324.99457595826385,0.4352380477651117+1.323946180560855i,-0.48699430095858776-1.2723431046757196i,-0.38423139492685265-1.3785278424752183i,0.5380009313503311+1.2177612889688234i
194.99674557495868,259.995660766611,0.46183423162534787+1.4247267625812008i,-0.5471065746953907-1.3373791367905046i,-0.4443438340741289-1.4435640139427797i,0.5645969509438697+1.3185419225589203i
259.99566076661154,194.99674557495817,0.4443438520279021+1.4435640261360967i,-0.5645969572577317-1.3185419605830433i,-0.4618342184470423-1.4247267411671858i,0.5471065695175009+1.3373790972410853i
324.9945759582642,129.99783038330514,0.3842314167026827+1.378527844123462i,-0.5380009378229177-1.217761323757808i,-0.43523804004737193-1.3239461519210922i,0.48699429791803506+1.2723430652295171i
389.9934911499169,64.99891519165223,0.28774064850776665+1.2351548093337876i,-0.4707560895067893-1.0442390655463125i,-0.36799241444985364-1.1504236970046204i,0.39050430884263615+1.1289700306416057i
454.9924063415697,-6.602710607916428E-13,0.16526244309769983+1.0259838827575305i,-0.37079062663959933-0.8136147615182572i,-0.26802653693067335-0.9197993691837548i,0.2680265369306838+0.9197993691837636i
519.9913215332224,-64.99891519165354,0.030235834155106167+0.7694846729340502i,-0.2496365625221479-0.5465802370890495i,-0.1468709373873555-0.6527645536617211i,0.13300146656153236+0.6633002069062747i
584.9902367248746,-129.99783038330634,-0.10227528324445126+0.4884413385288806i,-0.12115183143709408-0.26703737538810574i,-0.01838571655270696-0.37322160336859556i,4.908879584492598E-4+0.38225729414530796i
-64.99891519165203,584.9902367248746,0.015763248856803358+0.38931308870830117i,-0.006714599876539273-0.39389568578060424i,0.10416014710901136-0.506810012228699i,0.12663790124103733+0.2763985820961041i
7.937962144357381E-13,519.9913215332225,0.1424026853995471+0.6657124942999035i,-0.1424026853995427-0.6657124942999032i,-0.031528904570169214-0.7786272092689669i,0.2532764673303053+0.5527978347353298i
64.99891519165341,454.9924063415695,0.2545841063529628+0.917376096829694i,-0.2729725198422853-0.9011685897929529i,-0.1620999561375304-1.0140833624428955i,0.36545663173605675+0.8044612026162941i
129.99783038330617,389.9934911499166,0.33943122613536114+1.121759819450824i,-0.38397510513387195-1.0794116654582944i,-0.2731032135184527-1.1923266348677535i,0.450303110219272+1.0088448473255918i
194.99674557495882,324.99457595826385,0.3870784165977922+1.260490136142972i,-0.4633371232428473-1.184763942735281i,-0.3524657396434913-1.297678958779747i,0.4979497751084034+1.1475750448395001i
259.9956607666115,259.99566076661097,0.39175744284970493+1.3210076874362517i,-0.5026286667013821-1.2080926347046796i,-0.3917574281248981-1.321007673717519i,0.5026286625081283+1.2080925975130214i
324.9945759582642,194.99674557495803,0.3524657590782189+1.297678961947945i,-0.497949780237058-1.147575079070284i,-0.38707840740171023-1.2604901135514792i,0.46333712100029334+1.1847639042713438i
389.99349114991696,129.99783038330506,0.2731032366077679+1.1923266265844528i,-0.4503031153300859-1.0088448769407083i,-0.3394312229574661-1.1217597902916494i,0.3839751058089471+1.0794116272954715i
454.9924063415697,64.9989151916522,0.16209998169654596+1.0140833426592244i,-0.36545663604354583-0.8044612261411989i,-0.25458410928618525-0.9173760638240204i,0.2729725242478302+0.9011685532515273i
519.9913215332224,-7.698805923701652E-13,0.031528931396565485+0.7786271787804101i,-0.25327647030319894-0.55279785100611i,-0.142402694105965-0.6657124603298676i,0.1424026941059628+0.6657124603298694i
584.9902367248746,-64.99891519165351,-0.10416012013040457+0.5068099725909272i,-0.12663790266410543-0.2763985903643736i,-0.015763262572382364-0.38931305654486487i,0.006714613149279208+0.3938956548792392i
7.958078640513122E-13,584.9902367248746,0.011847381298622534+0.39626217923994034i,-0.011847381298622922-0.3962621792399366i,0.10478851765668287-0.5129819006195034i,0.1284832181228459+0.2795422338491846i
64.99891519165344,519.9913215332225,0.1330014585033985+0.6633002391236248i,-0.14687092835899845-0.6527645883068187i,-0.030235807747412025-0.7694847029064913i,0.24963655966648246+0.5465802208754755i
129.99783038330625,454.9924063415694,0.2329670184955705+0.8939245149411343i,-0.26934872559324896-0.8619352135379363i,-0.15271498353277954-0.9786553572053033i,0.3496007349513362+0.7772042087324245i
194.99674557495888,389.9934911499166,0.30021205256098094+1.0674485051273732i,-0.36583776283321323-1.005309821968237i,-0.24920448062127565-1.1220301902088294i,0.416845320070578+0.9507281934915429i
259.99566076661154,324.9945759582637,0.3268077044225364+1.1682291371079774i,-0.4259504427747446-1.070345950938516i,-0.3093176245427415-1.1870662748906415i,0.44344050372666827+1.051508669514268i
324.9945759582643,259.99566076661074,0.30931764080073587+1.1870662800773208i,-0.4434405070392652-1.051508702926751i,-0.3268076936727526-1.1682291216043195i,0.425950441179767+1.0703459148920058i
389.9934911499171,194.99674557495788,0.24920450144122588+1.1220301837958688i,-0.4168453240820034-0.9507282225991169i,-0.30021204796298173-1.0674484813407217i,0.3658377639643416+1.0053097849578614i
454.99240634156985,129.9978303833051,0.15271500776604877+0.9786553387756214i,-0.34960073874342823-0.7772042320135403i,-0.23296702031052674-0.893924485474964i,0.2693487303381201+0.8619351770889286i
519.9913215332224,64.99891519165209,0.030235834155103003+0.7694846729340389i,-0.2496365625221606-0.5465802370890406i,-0.13300146656153727-0.6633002069062688i,0.14687093738736223+0.6527645536617145i
584.9902367248746,-7.958078640513122E-13,-0.10478849029256984+0.5129818604161658i,-0.12848321960492054-0.27954224214717527i,-0.011847394987410165-0.3962621472514283i,0.01184739498741455+0.39626214725143394i
64.99891519165351,584.9902367248746,0.00671459987654166+0.3938956857806012i,-0.01576324885680047-0.3893130887083013i,0.10416014710901356-0.5068100122286986i,0.12663790124103846+0.2763985820961056i
129.9978303833064,519.9913215332223,0.11889380130289418+0.6455627754956348i,-0.1463307235529447-0.62477275607496i,-0.026408436174080535-0.742270002729989i,0.23881609072023136+0.5280655779642076i
194.996745574959,454.9924063415693,0.20374150009095704+0.8499458677379057i,-0.25733429533037-0.8030151510659531i,-0.13741301274144493-0.9205124743438461i,0.32366274931637495+0.7324484404591927i
259.9956607666117,389.99349114991645,0.25138698862583475+0.9886783481723669i,-0.3366945977016433-0.9083697189831822i,-0.21677389826854346-1.0258671599018756i,0.37130768050325097+0.8711808939049269i
324.9945759582643,324.9945759582637,0.2560669943044255+1.049194643415364i,-0.3759875189032247-0.9316971514165293i,-0.2560669819611091-1.0491946358171702i,0.3759875178151149+0.931697119117669i
389.9934911499172,259.9956607666107,0.21677391600660714+1.0258671559951298i,-0.37130768302925865-0.8711809222728683i,-0.2513869824712762-0.9886783307457483i,0.3366945990916402+0.9083696844432417i
454.9924063415699,194.99674557495788,0.13741303480762745+0.9205124581156529i,-0.32366275226958385-0.7324484633228323i,-0.2037415005568447-0.849945842869468i,0.25733430015413233+0.803015115942776i
519.9913215332224,129.99783038330497,0.026408461337323108+0.7422699742896602i,-0.238816093227992-0.5280655940044684i,-0.1188938083954503-0.6455627460618579i,0.14633073257696488+0.6247727218471278i
584.9902367248746,64.99891519165203,-0.10416012013040349+0.506809972590925i,-0.1266379026641012-0.27639859036437203i,-0.006714613149276821-0.39389565487923905i,0.01576326257238464+0.3893130565448609i
129.99783038330634,584.9902367248746,4.908754846121854E-4+0.3822573230763353i,-0.01838570319616692-0.3732216347910237i,0.10227530907678248-0.488441376485771i,0.12115183018931681+0.2670373672097604i
194.99674557495908,519.9913215332223,0.10045525066408251+0.6128845815168015i,-0.14086183442891692-0.5823953202211498i,-0.02020169640771574-0.6976154008402269i,0.22111537224090727+0.497664590208869i
259.99566076661176,454.9924063415693,0.16769965643058343+0.7864085189532315i,-0.23735126004934348-0.7257699078647131i,-0.11669217332251913-0.8409899955096616i,0.2883587213544688+0.6711882857378105i
324.9945759582644,389.99349114991645,0.19429518725217898+0.8871900474882255i,-0.2974631008284244-0.7908069997889482i,-0.1768043348217792-0.90602725485517i,0.3149539449409376+0.7719698529206542i
389.9934911499172,324.9945759582636,0.1768043487576293+0.9060272539822539i,-0.31495394564790413-0.7719698802890123i,-0.19429517944043648-0.8871900372128114i,0.29746310229493417+0.790806968938833i
454.99240634156985,259.9956607666106,0.11669219244290649+0.8409899822503527i,-0.28835872317430533-0.6711883079954525i,-0.16769965534464587-0.786408499605393i,0.23735126470452123+0.7257698752476963i
519.9913215332225,194.9967455749578,0.0202017195353065+0.6976153748989735i,-0.22111537418254196-0.49766460595286643i,-0.10045525649227938-0.6128845558186231i,0.140861843131677+0.5823952874839279i
584.9902367248746,129.99783038330486,-0.10227528324445259+0.48844133852887417i,-0.12115183143708937-0.2670373753880977i,-4.908879584504533E-4-0.3822572941452983i,0.018385716552703185+0.37322160336858856i
194.99674557495908,584.9902367248746,-0.00664877925222912+0.3616067133458106i,-0.019691629286095302-0.34837330530679217i,0.09913487698061446-0.4583135443339731i,0.11217764088748064+0.2516663194476266i
259.9956607666118,519.9913215332222,0.07819693312058515+0.5659928715712695i,-0.13069282325723225-0.5266190133250295i,-0.011867446605021675-0.6365594573958895i,0.19702231406019002+0.45605245848104015i
324.9945759582647,454.9924063415694,0.1258430266933166+0.7047245353980762i,-0.21005447297512178-0.63197267394655i,-0.09122968874659787-0.7419132130523929i,0.24466778817608578+0.5947839269920845i
389.99349114991736,389.9934911499164,0.13052147840327602+0.7652425332834214i,-0.2493458984701587-0.6553019935444993i,-0.13052146887558844-0.7652425307263508i,0.249345899851603+0.6553019674668797i
454.99240634157,324.99457595826345,0.09122970422783466+0.741913203420008i,-0.24466778860830463-0.5947839484345082i,-0.12584302388882415-0.7047245223266505i,0.21005447723464887+0.6319726449250704i
519.9913215332226,259.9956607666105,0.011867466962391687+0.6365594348412078i,-0.1970223152369406-0.45605247379607927i,-0.07819693741284625-0.5659928504531652i,0.13069283133969017+0.5266189831012245i
584.9902367248746,194.99674557495777,-0.09913485302496494+0.4583135091258966i,-0.11217764185013429-0.2516663274723306i,0.006648767943453732-0.3616066872138893i,0.019691641911313687+0.3483732755187909i
259.9956607666119,584.9902367248746,-0.014487908644419248+0.3324139171070085i,-0.01970844797094913-0.3153572703639703i,0.09474163596183172-0.41714434878571877i,0.09996213037444725+0.23062665408511052i
324.99457595826465,519.9913215332222,0.05275583543512291+0.505940150414213i,-0.11619628412538273-0.4587343040602089i,-0.0017469998055469338-0.5605216353377566i,0.16720511010146663+0.404152894271698i
389.99349114991713,454.99240634156905,0.07935048412834209+0.6067216506871101i,-0.1763088802390427-0.523771412547243i,-0.0618601704188044-0.6255587151569691i,0.19379917762111457+0.5049342311631883i
454.9924063415699,389.9934911499164,0.061860181673447645+0.6255587096760861i,-0.1937991764605348-0.5049342515581777i,-0.0793504794813086-0.6067216444559189i,0.1763088839028284+0.5237713880866198i
519.9913215332227,324.9945759582634,0.0017470167353393906+0.5605216169487054i,-0.16720511034192936-0.4041529090113066i,-0.05275583795585401-0.5059401345861209i,0.11619629131466175+0.458734277290714i
584.9902367248746,259.9956607666105,-0.09474161456345342+0.41714431731717655i,-0.09996213095180338-0.23062666188770575i,0.014487898840747013-0.3324138945254647i,0.019708459515388202+0.3153572430566408i
324.9945759582646,584.9902367248746,-0.02277166834763003+0.29534862912624266i,-0.01851460080619352-0.274951790078851i,0.08910160653685566-0.36591487407887274i,0.08484446990306023+0.20438543901158593i
389.99349114991736,519.9913215332222,0.024872722344730397+0.4340826570282796i,-0.09787399167763602-0.3803082005372027i,0.00974120177064991-0.4712713267717569i,0.1324879217057121+0.3431195354262812i
454.99240634157,454.9924063415691,0.029551994563372763+0.49459948658974706i,-0.13716717544585727-0.4036362440693692i,-0.029551987999099055-0.4945994875493103i,0.13716717834655162+0.4036362249799589i
519.9913215332226,389.9934911499163,-0.00974118882991093+0.47127131319431304i,-0.1324879208715613-0.3431195494289348i,-0.024872722901732036-0.4340826470438232i,0.09787399773426905+0.380308178053565i
584.9902367248746,324.99457595826334,-0.08910158830840506+0.36591484723524953i,-0.08484447000890355-0.2043854465166999i,0.022771660353528886-0.29534861074704655i,0.018514610952260757+0.274951766027077i
389.9934911499174,584.9902367248746,-0.031217979865773293+0.2512652779491517i,-0.016233201747625756-0.22810707281891898i,0.08222655477648863-0.3058464391175451i,0.06724174906894534+0.1735257779039505i
454.9924063415703,519.9913215332222,-0.004623332373441008+0.3520480054820667i,-0.07634450116908187-0.29314562617598167i,0.022114717356213454-0.3708851369429677i,0.09383588980853853+0.2743085486862402i
519.9913215332228,454.9924063415692,-0.02211470885401781+0.37088512866835727i,-0.09383588780070108-0.2743085617732859i,0.004623333921811246-0.35204800171977074i,0.07634450589344244+0.29314560867488554i
584.9902367248746,389.99349114991617,-0.08222654024621597+0.30584641765417336i,-0.0672417486335729-0.17352578502878677i,0.03121797394203156-0.25126526430668583i,0.016233210217423924+0.22810705270489395i
454.99240634157013,584.9902367248746,-0.03952215760497246+0.20118314039171972i,-0.013029755193651106-0.17592183020706328i,0.07413625772198543-0.2383715984610033i,0.04764381294162702+0.1387333335579301i
519.991321533223,519.9913215332219,-0.03484430748083135+0.2617014408300939i,-0.05232094967856485-0.19925182145054465i,0.03484431122030135-0.26170144348119123i,0.05232095291614585+0.19925180947377125i
584.9902367248746,454.992406341569,-0.07413624731948934+0.23837158298161i,-0.04764381191531084-0.13873334021114309i,0.0395221539609861-0.20118313188697698i,0.013029761756105929+0.17592181460077366i
519.9913215332228,584.9902367248746,-0.047371115050520184+0.14626363759216532i,-0.009102472970213563-0.11961945199911794i,0.06486179119971108-0.16510054793028972i,0.02659313647448021+0.10078248113991792i
584.9902367248746,519.9913215332219,-0.06486178524406067+0.16510053887017814i,-0.02659313482900693-0.10078248722231786i,0.04737111383833114-0.14626363448139656i,0.009102477446728291+0.11961944134278207i
584.9902367248745,584.9902367248746,-0.05444827111053584+0.08778281015904668i,-0.004678263080092938-0.06051756224020631i,0.05444827241968227-0.0877828125456458i,0.004678265349105846+0.060517556835505706i
-519.991321533222,649.9891519165274,-0.03461517252624235+0.03718848395097604i,0.059126477890622774-0.027264913452758256i,0.09374143948587943-0.06445312331004352i,0
-454.9924063415691,649.9891519165274,-0.05101004036066807+0.054581184708491076i,0.07396462448459191-0.04548102123765718i,0.12497478038022627-0.1000624072490727i,0
-389.9934911499163,649.9891519165274,-0.06633150574608962+0.07056620594267202i,0.08716664892377773-0.06244948150262024i,0.15349800253058768-0.13301556855188473i,0
-324.99457595826345,649.9891519165274,-0.08025558670186081+0.08473038253183993i,0.09846076319110204-0.07773926580726367i,0.17871648551284874-0.16246986649185918i,0
-259.9956607666107,649.9891519165274,-0.09248800631369707+0.0967067385980813i,0.10761746496393997-0.09096283084287445i,0.2001053651583311-0.18766955428348248i,0
-194.99674557495786,649.9891519165274,-0.10276827100077073+0.10618396234500807i,0.11445163976294445-0.10178695842076772i,0.21722004911060633-0.2079711423809963i,0
-129.99783038330497,649.9891519165274,-0.11087680804025338+0.11291418793163635i,0.1188282325164266-0.10994002008115163i,0.22970496138304408-0.22285424949146887i,0
-64.99891519165215,649.9891519165274,-0.11663801591371305+0.1167196058232218i,0.1206629494700077-0.11521961621498908i,0.23730110277792557-0.23193944387585877i,0
6.821210263296962E-13,649.9891519165274,-0.11992539685962006+0.1174967428204231i,0.11992539685961989-0.11749674282042244i,0.23985072331094529-0.2349935451292051i,0
64.9989151916534,649.9891519165274,-0.12066294947000764+0.11521961621498572i,0.11663801591371242-0.11671960582321947i,0.23730110277792477-0.2319394438758588i,0
129.99783038330622,649.9891519165274,-0.11882823251642863+0.10994002008115158i,0.11087680804025597-0.11291418793163657i,0.2297049613830522-0.2228542494914686i,0
194.99674557495896,649.9891519165274,-0.11445163976294734+0.10178695842076964i,0.1027682710007691-0.10618396234500799i,0.21722004911061144-0.20797114238099984i,0
259.9956607666117,649.9891519165274,-0.1076174649639423+0.09096283084287594i,0.0924880063136978-0.09670673859808263i,0.20010536515832822-0.1876695542834847i,0
324.99457595826453,649.9891519165274,-0.09846076319110114+0.07773926580726512i,0.08025558670186228-0.08473038253184254i,0.1787164855128471-0.16246986649186396i,0
389.9934911499173,649.9891519165274,-0.08716664892377796+0.06244948150262262i,0.0663315057460884-0.07056620594267263i,0.15349800253058762-0.1330155685518887i,0
454.99240634157,649.9891519165274,-0.07396462448459094+0.04548102123765877i,0.051010040360667905-0.05458118470849199i,0.12497478038022213-0.10006240724907464i,0
519.9913215332227,649.9891519165274,-0.059126477890622885+0.027264913452760286i,0.03461517252624214-0.037188483950977465i,0.09374143948588032-0.06445312331004661i,0
584.9902367248745,649.9891519165274,-0.042958220458666485+0.0082661406834346i,0.01749154010779217-0.01883704007720028i,0.060449796119998025-0.02710339655380451i,0
649.9891519165274,-649.9891519165274,-0.02579692887139401-0.011029740847192538i,0,0,-0.025796928345673997-0.011029740632146824i
649.9891519165274,-584.9902367248745,-0.06044979226567459+0.027103388722384963i,0,0.01749153723495074-0.01883703546267711i,-0.04295821704714869+0.008266136330304754i
649.9891519165274,-519.9913215332227,-0.09374143135228821+0.06445310804184384i,0,0.03461516684972554-0.03718847483686545i,-0.05912647167967427+0.027264904628964432i
649.9891519165274,-454.99240634157,-0.12497476817546481+0.10006238490871114i,0,0.05101003201702526-0.05458117132172705i,-0.07396461562791232+0.04548100815249771i
649.9891519165274,-389.9934911499173,-0.15349798656464259+0.1330155396794771i,0,0.06633149493610169-0.07056618861660661i,-0.08716663763864643+0.06244946447230315i
649.9891519165274,-324.99457595826453,-0.178716466189794+0.1624698317903293i,0,0.08025557368566685-0.08473036169774098i,-0.09846074975295227+0.07773924524705587i
649.9891519165274,-259.9956607666117,-0.20010534296619+0.18766951460059628i,0,0.09248799140469137-0.09670671477442992i,-0.10761744969977144+0.09096280725694744i
649.9891519165274,-194.99674557495896,-0.21722002460905132+0.20797109868888392i,0,0.10276825455798318-0.10618393612435686i,-0.11445162304324019+0.10178693238958164i
649.9891519165274,-129.99783038330622,-0.2297049351894914+0.22285420286189803i,0,0.11087679045992965-0.11291415996586668i,-0.11882821474636937+0.10993999224712235i
649.9891519165274,-64.9989151916534,-0.23730107555192376+0.23193939545411116i,0,0.1166379976196483-0.1167195768070684i,-0.12066293107952329+0.11521958726636142i
649.9891519165274,-6.821210263296962E-13,-0.23985069573795323+0.23499349610497483i,0,0.11992537829322615-0.11749671347418969i,-0.11992537829322578+0.11749671347419058i
649.9891519165274,64.99891519165215,-0.23730107555192365+0.2319393954541198i,0,0.12066293107952211-0.11521958726636544i,-0.11663799761964798+0.11671957680707154i
649.9891519165274,129.99783038330497,-0.2297049351894863+0.2228542028618957i,0,0.1188282147463672-0.10993999224712095i,-0.1108767904599297+0.11291415996586658i
649.9891519165274,194.99674557495786,-0.21722002460905582+0.20797109868888353i,0,0.11445162304324089-0.10178693238958075i,-0.10276825455798165+0.10618393612435585i
649.9891519165274,259.9956607666107,-0.20010534296618981+0.18766951460058695i,0,0.10761744969977147-0.09096280725694263i,-0.09248799140469126+0.0967067147744256i
649.9891519165274,324.99457595826345,-0.17871646618979248+0.16246983179032715i,0,0.09846074975294909-0.07773924524705433i,-0.08025557368566696+0.08473036169774024i
649.9891519165274,389.9934911499163,-0.15349798656463876+0.13301553967947358i,0,0.08716663763864471-0.062449464472302i,-0.06633149493610217+0.07056618861660505i
649.9891519165274,454.9924063415691,-0.12497476817546062+0.10006238490871268i,0,0.07396461562790961-0.04548100815249813i,-0.051010032017023615+0.054581171321727455i
649.9891519165274,519.991321533222,-0.09374143135228546+0.06445310804184426i,0,0.05912647167967212-0.027264904628966184i,-0.03461516684972553+0.037188474836864605i
649.9891519165274,584.9902367248746,-0.06044979226567511+0.02710338872238668i,0,0.04295821704714802-0.008266136330305474i,-0.017491537234950665+0.018837035462677704i
649.9891519165274,649.9891519165274,-0.02579692887139469-0.011029740847191681i,0,0.025796928345674208+0.011029740632147275i,0
